Timestamp_UNIX,Human_Time,VG1 Source Pressure,VG2 PreMag Pressure,VG3 BLine Pressure,VG2 LdLock Pressure,VG3 Cham 2 Pressure,VG4 Cham 1 Pressure
1775651782.7557647,2026-04-08 13:36:22.755765,0.21899999678134918,4.36000000547665e-08,2.2300000068753434e-08,3.770000134295515e-08,1.1800000088157958e-08,6.520000095378009e-09
1775651784.8020196,2026-04-08 13:36:24.802020,0.21899999678134918,4.349999827013562e-08,2.2300000068753434e-08,3.790000135950322e-08,1.1900000096431995e-08,6.600000101997239e-09
1775651786.8461928,2026-04-08 13:36:26.846193,0.21899999678134918,4.36000000547665e-08,2.2300000068753434e-08,3.790000135950322e-08,1.1900000096431995e-08,6.620000103652046e-09
1775651788.9091296,2026-04-08 13:36:28.909130,0.21899999678134918,4.36000000547665e-08,2.2300000068753434e-08,3.699999950868005e-08,1.1900000096431995e-08,6.560000098687624e-09
1775651790.9563725,2026-04-08 13:36:30.956372,0.21899999678134918,4.349999827013562e-08,2.2300000068753434e-08,3.759999955832427e-08,1.1800000088157958e-08,6.6100001028246425e-09
1775651793.0213032,2026-04-08 13:36:33.021303,0.21899999678134918,4.349999827013562e-08,2.2300000068753434e-08,3.7300001309859e-08,1.1800000088157958e-08,6.520000095378009e-09
1775651795.064332,2026-04-08 13:36:35.064332,0.21899999678134918,4.36000000547665e-08,2.2300000068753434e-08,3.7100001293310925e-08,1.1800000088157958e-08,6.560000098687624e-09
1775651797.1265204,2026-04-08 13:36:37.126520,0.21899999678134918,4.349999827013562e-08,2.2300000068753434e-08,3.799999959142042e-08,1.1800000088157958e-08,6.600000101997239e-09
1775651799.1758995,2026-04-08 13:36:39.175900,0.21899999678134918,4.349999827013562e-08,2.2300000068753434e-08,3.790000135950322e-08,1.1800000088157958e-08,6.55000009786022e-09
1775651801.2220242,2026-04-08 13:36:41.222024,0.21899999678134918,4.36000000547665e-08,2.2300000068753434e-08,3.799999959142042e-08,1.1800000088157958e-08,6.6100001028246425e-09
1775651803.2700253,2026-04-08 13:36:43.270025,0.21899999678134918,4.36000000547665e-08,2.2300000068753434e-08,3.770000134295515e-08,1.1800000088157958e-08,6.600000101997239e-09
1775651805.3108802,2026-04-08 13:36:45.310880,0.21899999678134918,4.36000000547665e-08,2.2300000068753434e-08,3.750000132640707e-08,1.1800000088157958e-08,6.580000100342431e-09
1775651807.3484626,2026-04-08 13:36:47.348463,0.21899999678134918,4.36000000547665e-08,2.2300000068753434e-08,3.799999959142042e-08,1.1800000088157958e-08,6.580000100342431e-09
1775651809.3973134,2026-04-08 13:36:49.397313,0.21899999678134918,4.36000000547665e-08,2.2300000068753434e-08,3.759999955832427e-08,1.1800000088157958e-08,6.620000103652046e-09
1775651811.4403534,2026-04-08 13:36:51.440353,0.21899999678134918,4.349999827013562e-08,2.2300000068753434e-08,3.7300001309859e-08,1.1900000096431995e-08,6.600000101997239e-09
1775651813.503984,2026-04-08 13:36:53.503984,0.21799999475479126,4.349999827013562e-08,2.2300000068753434e-08,3.770000134295515e-08,1.1800000088157958e-08,4.90999987334817e-08
1775651815.5489488,2026-04-08 13:36:55.548949,0.21899999678134918,4.36000000547665e-08,2.2300000068753434e-08,3.7799999574872345e-08,1.1800000088157958e-08,6.5400000970328165e-09
1775651817.598323,2026-04-08 13:36:57.598323,0.21899999678134918,4.36000000547665e-08,2.2300000068753434e-08,3.750000132640707e-08,1.1800000088157958e-08,6.55000009786022e-09
1775651819.643927,2026-04-08 13:36:59.643927,0.21899999678134918,4.36000000547665e-08,2.2300000068753434e-08,3.7399999541776197e-08,1.1800000088157958e-08,6.650000106134257e-09
1775651821.7060006,2026-04-08 13:37:01.706001,0.21899999678134918,4.36000000547665e-08,2.2300000068753434e-08,3.830000139259937e-08,1.1800000088157958e-08,6.560000098687624e-09
1775651823.7518625,2026-04-08 13:37:03.751863,0.21899999678134918,4.36000000547665e-08,2.2300000068753434e-08,3.759999955832427e-08,1.1800000088157958e-08,6.620000103652046e-09
1775651825.8001196,2026-04-08 13:37:05.800120,0.21899999678134918,4.349999827013562e-08,2.2300000068753434e-08,3.759999955832427e-08,1.1900000096431995e-08,6.600000101997239e-09
1775651827.8340247,2026-04-08 13:37:07.834025,0.21899999678134918,4.36000000547665e-08,2.2300000068753434e-08,3.7799999574872345e-08,1.1900000096431995e-08,6.560000098687624e-09
1775651829.8975205,2026-04-08 13:37:09.897521,0.21899999678134918,4.36000000547665e-08,2.2300000068753434e-08,3.839999962451657e-08,1.1800000088157958e-08,6.480000092068394e-09
1775651831.9444313,2026-04-08 13:37:11.944431,0.21899999678134918,4.36000000547665e-08,2.2300000068753434e-08,3.7399999541776197e-08,1.1800000088157958e-08,6.6100001028246425e-09
1775651833.9898317,2026-04-08 13:37:13.989832,0.21899999678134918,4.349999827013562e-08,2.2300000068753434e-08,3.799999959142042e-08,1.1800000088157958e-08,6.560000098687624e-09
1775651836.0042167,2026-04-08 13:37:16.004217,0.21899999678134918,4.3699998286683694e-08,2.2300000068753434e-08,3.7799999574872345e-08,1.1800000088157958e-08,6.580000100342431e-09
1775651838.068241,2026-04-08 13:37:18.068241,0.21899999678134918,4.36000000547665e-08,2.2300000068753434e-08,3.719999952522812e-08,1.1800000088157958e-08,6.600000101997239e-09
1775651840.1266723,2026-04-08 13:37:20.126672,0.21899999678134918,4.36000000547665e-08,2.2300000068753434e-08,3.770000134295515e-08,1.1800000088157958e-08,6.580000100342431e-09
1775651842.1758294,2026-04-08 13:37:22.175829,0.21899999678134918,4.36000000547665e-08,2.2300000068753434e-08,3.799999959142042e-08,1.2300000129528144e-08,6.5400000970328165e-09
1775651844.2207317,2026-04-08 13:37:24.220732,0.21899999678134918,4.36000000547665e-08,2.2300000068753434e-08,3.790000135950322e-08,1.1800000088157958e-08,6.600000101997239e-09
1775651846.2698572,2026-04-08 13:37:26.269857,0.21899999678134918,4.36000000547665e-08,2.2300000068753434e-08,3.799999959142042e-08,1.1800000088157958e-08,6.580000100342431e-09
1775651848.3068862,2026-04-08 13:37:28.306886,0.21899999678134918,4.349999827013562e-08,2.2300000068753434e-08,3.790000135950322e-08,1.1800000088157958e-08,6.600000101997239e-09
1775651850.3482463,2026-04-08 13:37:30.348246,0.21899999678134918,4.36000000547665e-08,2.2300000068753434e-08,3.7300001309859e-08,1.1800000088157958e-08,6.570000099515028e-09
1775651852.4094148,2026-04-08 13:37:32.409415,0.21899999678134918,4.3699998286683694e-08,2.2300000068753434e-08,3.790000135950322e-08,1.1800000088157958e-08,6.55000009786022e-09
1775651854.4549046,2026-04-08 13:37:34.454905,0.21899999678134918,4.36000000547665e-08,2.2300000068753434e-08,3.799999959142042e-08,1.1800000088157958e-08,6.6100001028246425e-09
1775651856.5044513,2026-04-08 13:37:36.504451,0.21899999678134918,4.349999827013562e-08,2.2300000068753434e-08,3.750000132640707e-08,1.1800000088157958e-08,6.55000009786022e-09
1775651858.5643222,2026-04-08 13:37:38.564322,0.21799999475479126,4.36000000547665e-08,2.2300000068753434e-08,3.799999959142042e-08,1.1900000096431995e-08,6.600000101997239e-09
1775651860.6268504,2026-04-08 13:37:40.626850,0.21899999678134918,4.36000000547665e-08,2.2300000068753434e-08,3.8199999607968493e-08,1.1800000088157958e-08,6.6100001028246425e-09
1775651862.6786776,2026-04-08 13:37:42.678678,0.21899999678134918,4.349999827013562e-08,2.2300000068753434e-08,3.750000132640707e-08,1.1900000096431995e-08,6.600000101997239e-09
1775651864.711847,2026-04-08 13:37:44.711847,0.21899999678134918,4.36000000547665e-08,2.2300000068753434e-08,3.799999959142042e-08,1.1900000096431995e-08,6.600000101997239e-09
1775651866.7687492,2026-04-08 13:37:46.768749,0.21899999678134918,4.36000000547665e-08,2.2300000068753434e-08,3.890000144224359e-08,1.1800000088157958e-08,6.600000101997239e-09
1775651868.8349595,2026-04-08 13:37:48.834960,0.21799999475479126,4.36000000547665e-08,2.2300000068753434e-08,3.799999959142042e-08,1.1800000088157958e-08,6.580000100342431e-09
1775651870.8965476,2026-04-08 13:37:50.896548,0.21799999475479126,4.36000000547665e-08,2.2300000068753434e-08,3.770000134295515e-08,1.1900000096431995e-08,6.600000101997239e-09
1775651872.95901,2026-04-08 13:37:52.959010,0.21799999475479126,4.3699998286683694e-08,2.2300000068753434e-08,3.750000132640707e-08,1.1800000088157958e-08,6.6100001028246425e-09
1775651875.0013351,2026-04-08 13:37:55.001335,0.21899999678134918,4.36000000547665e-08,2.2300000068753434e-08,3.8100001376051296e-08,1.2000000104706032e-08,6.600000101997239e-09
1775651877.0671759,2026-04-08 13:37:57.067176,0.21899999678134918,4.3699998286683694e-08,2.2300000068753434e-08,3.7799999574872345e-08,1.1800000088157958e-08,6.580000100342431e-09
1775651879.1304452,2026-04-08 13:37:59.130445,0.21899999678134918,4.36000000547665e-08,2.2300000068753434e-08,3.790000135950322e-08,1.1900000096431995e-08,6.600000101997239e-09
1775651881.192177,2026-04-08 13:38:01.192177,0.21899999678134918,4.3699998286683694e-08,2.2300000068753434e-08,3.7799999574872345e-08,1.1800000088157958e-08,6.570000099515028e-09
1775651883.269068,2026-04-08 13:38:03.269068,0.21899999678134918,4.3699998286683694e-08,2.2300000068753434e-08,3.759999955832427e-08,1.1800000088157958e-08,6.6100001028246425e-09
1775651885.3144512,2026-04-08 13:38:05.314451,0.21899999678134918,4.36000000547665e-08,2.2300000068753434e-08,3.759999955832427e-08,1.1800000088157958e-08,6.600000101997239e-09
1775651887.3802807,2026-04-08 13:38:07.380281,0.21899999678134918,4.3699998286683694e-08,2.2300000068753434e-08,3.830000139259937e-08,1.1900000096431995e-08,6.590000101169835e-09
1775651889.4438038,2026-04-08 13:38:09.443804,0.21799999475479126,4.3699998286683694e-08,2.2300000068753434e-08,3.7300001309859e-08,1.1800000088157958e-08,6.600000101997239e-09
1775651891.5029569,2026-04-08 13:38:11.502957,0.21899999678134918,4.3699998286683694e-08,2.2300000068753434e-08,3.759999955832427e-08,1.1800000088157958e-08,6.590000101169835e-09
1775651893.580649,2026-04-08 13:38:13.580649,0.21899999678134918,4.36000000547665e-08,2.240000007702747e-08,3.8100001376051296e-08,1.1800000088157958e-08,6.600000101997239e-09
1775651895.6266353,2026-04-08 13:38:15.626635,0.21799999475479126,4.3699998286683694e-08,2.2300000068753434e-08,3.7399999541776197e-08,1.1900000096431995e-08,6.560000098687624e-09
1775651897.681062,2026-04-08 13:38:17.681062,0.21799999475479126,4.36000000547665e-08,2.2300000068753434e-08,3.799999959142042e-08,1.2000000104706032e-08,6.600000101997239e-09
1775651899.7224998,2026-04-08 13:38:19.722500,0.21799999475479126,4.3699998286683694e-08,2.2300000068753434e-08,3.790000135950322e-08,1.1800000088157958e-08,6.580000100342431e-09
1775651901.7856398,2026-04-08 13:38:21.785640,0.21899999678134918,4.3699998286683694e-08,2.2300000068753434e-08,3.7799999574872345e-08,1.1900000096431995e-08,6.620000103652046e-09
1775651903.832879,2026-04-08 13:38:23.832879,0.21899999678134918,4.3699998286683694e-08,2.2300000068753434e-08,3.759999955832427e-08,1.1800000088157958e-08,6.580000100342431e-09
1775651905.8806481,2026-04-08 13:38:25.880648,0.21899999678134918,4.3699998286683694e-08,2.2300000068753434e-08,3.7799999574872345e-08,1.1800000088157958e-08,6.6400001053068536e-09
1775651907.9314528,2026-04-08 13:38:27.931453,0.21799999475479126,4.3699998286683694e-08,2.2300000068753434e-08,3.759999955832427e-08,1.1800000088157958e-08,6.570000099515028e-09
1775651909.987011,2026-04-08 13:38:29.987011,0.21799999475479126,4.3699998286683694e-08,2.2300000068753434e-08,3.750000132640707e-08,1.2200000121254106e-08,6.6100001028246425e-09
1775651912.0392354,2026-04-08 13:38:32.039235,0.21899999678134918,4.36000000547665e-08,2.2300000068753434e-08,3.750000132640707e-08,1.1900000096431995e-08,6.55000009786022e-09
1775651914.0801773,2026-04-08 13:38:34.080177,0.21799999475479126,4.36000000547665e-08,2.2300000068753434e-08,3.839999962451657e-08,1.1900000096431995e-08,6.580000100342431e-09
1775651916.150829,2026-04-08 13:38:36.150829,0.21899999678134918,4.3699998286683694e-08,2.240000007702747e-08,3.750000132640707e-08,1.1900000096431995e-08,6.600000101997239e-09
1775651918.2111702,2026-04-08 13:38:38.211170,0.21799999475479126,4.3699998286683694e-08,2.2300000068753434e-08,3.759999955832427e-08,1.1900000096431995e-08,6.590000101169835e-09
1775651920.2833316,2026-04-08 13:38:40.283332,0.21799999475479126,4.36000000547665e-08,2.240000007702747e-08,3.7399999541776197e-08,1.1800000088157958e-08,6.600000101997239e-09
1775651922.3149798,2026-04-08 13:38:42.314980,0.21899999678134918,4.36000000547665e-08,2.2300000068753434e-08,3.770000134295515e-08,1.1900000096431995e-08,6.580000100342431e-09
1775651924.364616,2026-04-08 13:38:44.364616,0.21799999475479126,4.36000000547665e-08,2.2300000068753434e-08,3.750000132640707e-08,1.1800000088157958e-08,6.600000101997239e-09
1775651926.4275458,2026-04-08 13:38:46.427546,0.21799999475479126,4.3699998286683694e-08,2.2300000068753434e-08,3.8100001376051296e-08,1.1900000096431995e-08,6.590000101169835e-09
1775651928.4713452,2026-04-08 13:38:48.471345,0.21899999678134918,4.36000000547665e-08,2.240000007702747e-08,3.790000135950322e-08,1.1900000096431995e-08,6.600000101997239e-09
1775651930.539318,2026-04-08 13:38:50.539318,0.21799999475479126,4.36000000547665e-08,2.240000007702747e-08,3.799999959142042e-08,1.1900000096431995e-08,6.600000101997239e-09
1775651932.6777003,2026-04-08 13:38:52.677700,0.21899999678134918,4.3699998286683694e-08,2.240000007702747e-08,3.790000135950322e-08,1.1900000096431995e-08,6.600000101997239e-09
1775651934.7357655,2026-04-08 13:38:54.735765,0.21799999475479126,4.3699998286683694e-08,2.240000007702747e-08,3.8100001376051296e-08,1.1900000096431995e-08,6.600000101997239e-09
1775651936.7558749,2026-04-08 13:38:56.755875,0.21899999678134918,4.3699998286683694e-08,2.2300000068753434e-08,3.799999959142042e-08,1.1900000096431995e-08,6.6100001028246425e-09
1775651938.8150353,2026-04-08 13:38:58.815035,0.21899999678134918,4.36000000547665e-08,2.240000007702747e-08,3.790000135950322e-08,1.1900000096431995e-08,6.600000101997239e-09
1775651940.8619623,2026-04-08 13:39:00.861962,0.21799999475479126,4.3699998286683694e-08,2.240000007702747e-08,3.8100001376051296e-08,1.1800000088157958e-08,6.6100001028246425e-09
1775651942.8975027,2026-04-08 13:39:02.897503,0.21799999475479126,4.3699998286683694e-08,2.240000007702747e-08,3.790000135950322e-08,1.1800000088157958e-08,6.600000101997239e-09
1775651944.958529,2026-04-08 13:39:04.958529,0.21799999475479126,4.3699998286683694e-08,2.240000007702747e-08,3.799999959142042e-08,1.1900000096431995e-08,6.530000096205413e-09
1775651947.0220678,2026-04-08 13:39:07.022068,0.21799999475479126,4.3699998286683694e-08,2.240000007702747e-08,3.770000134295515e-08,1.1900000096431995e-08,6.6100001028246425e-09
1775651949.081947,2026-04-08 13:39:09.081947,0.21899999678134918,4.3699998286683694e-08,2.240000007702747e-08,3.870000142569552e-08,1.1900000096431995e-08,6.590000101169835e-09
1775651951.130307,2026-04-08 13:39:11.130307,0.21799999475479126,4.3699998286683694e-08,2.240000007702747e-08,3.8100001376051296e-08,1.1900000096431995e-08,6.590000101169835e-09
1775651953.1758142,2026-04-08 13:39:13.175814,0.21899999678134918,4.3699998286683694e-08,2.240000007702747e-08,3.750000132640707e-08,1.2000000104706032e-08,6.570000099515028e-09
1775651955.238371,2026-04-08 13:39:15.238371,0.21899999678134918,4.3699998286683694e-08,2.240000007702747e-08,3.7300001309859e-08,1.1800000088157958e-08,6.600000101997239e-09
1775651957.2830403,2026-04-08 13:39:17.283040,0.21799999475479126,4.3699998286683694e-08,2.240000007702747e-08,3.7799999574872345e-08,1.1900000096431995e-08,6.580000100342431e-09
1775651959.3493514,2026-04-08 13:39:19.349351,0.21799999475479126,4.3699998286683694e-08,2.240000007702747e-08,3.830000139259937e-08,1.1900000096431995e-08,6.600000101997239e-09
1775651961.4090414,2026-04-08 13:39:21.409041,0.21899999678134918,4.3699998286683694e-08,2.240000007702747e-08,3.8100001376051296e-08,1.1900000096431995e-08,6.600000101997239e-09
1775651963.439911,2026-04-08 13:39:23.439911,0.21899999678134918,4.3699998286683694e-08,2.240000007702747e-08,3.750000132640707e-08,1.2000000104706032e-08,6.580000100342431e-09
1775651965.4882293,2026-04-08 13:39:25.488229,0.21799999475479126,4.3699998286683694e-08,2.240000007702747e-08,3.7799999574872345e-08,1.1900000096431995e-08,6.580000100342431e-09
1775651967.5233138,2026-04-08 13:39:27.523314,0.21799999475479126,4.3699998286683694e-08,2.240000007702747e-08,3.7799999574872345e-08,1.1900000096431995e-08,6.570000099515028e-09
1775651969.566445,2026-04-08 13:39:29.566445,0.21799999475479126,4.3699998286683694e-08,2.240000007702747e-08,3.790000135950322e-08,1.1900000096431995e-08,6.6100001028246425e-09
1775651971.614951,2026-04-08 13:39:31.614951,0.21799999475479126,4.3699998286683694e-08,2.240000007702747e-08,3.759999955832427e-08,1.1800000088157958e-08,6.580000100342431e-09
1775651973.6611538,2026-04-08 13:39:33.661154,0.21899999678134918,4.36000000547665e-08,2.240000007702747e-08,3.8100001376051296e-08,1.1800000088157958e-08,6.5400000970328165e-09
1775651975.7215269,2026-04-08 13:39:35.721527,0.21799999475479126,4.389999830323177e-08,2.240000007702747e-08,3.8100001376051296e-08,1.1900000096431995e-08,6.590000101169835e-09
1775651977.7692885,2026-04-08 13:39:37.769289,0.21899999678134918,4.3699998286683694e-08,2.240000007702747e-08,3.799999959142042e-08,1.1800000088157958e-08,6.560000098687624e-09
1775651979.8159752,2026-04-08 13:39:39.815975,0.21799999475479126,4.3699998286683694e-08,2.240000007702747e-08,3.790000135950322e-08,1.1800000088157958e-08,6.6400001053068536e-09
1775651981.8772492,2026-04-08 13:39:41.877249,0.21799999475479126,4.3699998286683694e-08,2.240000007702747e-08,3.790000135950322e-08,1.1900000096431995e-08,6.600000101997239e-09
1775651983.9245996,2026-04-08 13:39:43.924600,0.21799999475479126,4.3699998286683694e-08,2.240000007702747e-08,3.750000132640707e-08,1.210000011298007e-08,6.620000103652046e-09
1775651985.9756641,2026-04-08 13:39:45.975664,0.21799999475479126,4.380000007131457e-08,2.240000007702747e-08,3.870000142569552e-08,1.1900000096431995e-08,6.600000101997239e-09
1775651988.034267,2026-04-08 13:39:48.034267,0.21799999475479126,4.3699998286683694e-08,2.240000007702747e-08,3.7399999541776197e-08,1.1900000096431995e-08,6.620000103652046e-09
1775651990.0803072,2026-04-08 13:39:50.080307,0.21799999475479126,4.3699998286683694e-08,2.240000007702747e-08,3.790000135950322e-08,1.1800000088157958e-08,6.600000101997239e-09
1775651992.147438,2026-04-08 13:39:52.147438,0.21899999678134918,4.3699998286683694e-08,2.240000007702747e-08,3.750000132640707e-08,1.1800000088157958e-08,6.600000101997239e-09
1775651994.1970818,2026-04-08 13:39:54.197082,0.21799999475479126,4.3699998286683694e-08,2.240000007702747e-08,3.8199999607968493e-08,1.1900000096431995e-08,6.620000103652046e-09
1775651996.2406363,2026-04-08 13:39:56.240636,0.21799999475479126,4.3699998286683694e-08,2.240000007702747e-08,3.799999959142042e-08,1.1900000096431995e-08,6.580000100342431e-09
1775651998.3151946,2026-04-08 13:39:58.315195,0.21799999475479126,4.36000000547665e-08,2.240000007702747e-08,3.7300001309859e-08,1.1900000096431995e-08,6.560000098687624e-09
1775652000.3644688,2026-04-08 13:40:00.364469,0.21799999475479126,4.3699998286683694e-08,2.240000007702747e-08,3.790000135950322e-08,1.1800000088157958e-08,6.600000101997239e-09
1775652002.426226,2026-04-08 13:40:02.426226,0.21799999475479126,4.3699998286683694e-08,2.240000007702747e-08,3.790000135950322e-08,1.1900000096431995e-08,6.6100001028246425e-09
1775652004.4753532,2026-04-08 13:40:04.475353,0.21799999475479126,4.380000007131457e-08,2.240000007702747e-08,3.770000134295515e-08,1.1800000088157958e-08,6.580000100342431e-09
1775652006.5369422,2026-04-08 13:40:06.536942,0.21899999678134918,4.3699998286683694e-08,2.240000007702747e-08,3.870000142569552e-08,1.1900000096431995e-08,6.590000101169835e-09
1775652008.599626,2026-04-08 13:40:08.599626,0.21799999475479126,4.36000000547665e-08,2.240000007702747e-08,3.870000142569552e-08,1.1900000096431995e-08,6.6100001028246425e-09
1775652010.633462,2026-04-08 13:40:10.633462,0.21899999678134918,4.3699998286683694e-08,2.240000007702747e-08,3.7300001309859e-08,1.1900000096431995e-08,6.590000101169835e-09
1775652012.6779587,2026-04-08 13:40:12.677959,0.21899999678134918,4.3699998286683694e-08,2.240000007702747e-08,3.799999959142042e-08,1.1900000096431995e-08,6.6100001028246425e-09
1775652014.7374263,2026-04-08 13:40:14.737426,0.21799999475479126,4.3699998286683694e-08,2.240000007702747e-08,3.7399999541776197e-08,1.1900000096431995e-08,6.600000101997239e-09
1775652016.7695885,2026-04-08 13:40:16.769588,0.21899999678134918,4.3699998286683694e-08,2.240000007702747e-08,3.750000132640707e-08,1.1800000088157958e-08,6.6100001028246425e-09
1775652018.8311,2026-04-08 13:40:18.831100,0.21799999475479126,4.3699998286683694e-08,2.240000007702747e-08,3.839999962451657e-08,1.1900000096431995e-08,6.6100001028246425e-09
1775652020.8688343,2026-04-08 13:40:20.868834,0.21799999475479126,4.3699998286683694e-08,2.240000007702747e-08,3.7799999574872345e-08,1.1900000096431995e-08,6.6100001028246425e-09
1775652022.9242597,2026-04-08 13:40:22.924260,0.21799999475479126,4.3699998286683694e-08,2.240000007702747e-08,3.839999962451657e-08,1.1800000088157958e-08,6.580000100342431e-09
1775652024.9861596,2026-04-08 13:40:24.986160,0.21799999475479126,4.380000007131457e-08,2.240000007702747e-08,3.839999962451657e-08,1.2000000104706032e-08,6.580000100342431e-09
1775652027.0363474,2026-04-08 13:40:27.036347,0.21799999475479126,4.3699998286683694e-08,2.240000007702747e-08,3.799999959142042e-08,1.1900000096431995e-08,6.600000101997239e-09
1775652029.0841765,2026-04-08 13:40:29.084177,0.21799999475479126,4.3699998286683694e-08,2.240000007702747e-08,3.799999959142042e-08,1.1900000096431995e-08,6.590000101169835e-09
1775652031.1267548,2026-04-08 13:40:31.126755,0.21799999475479126,4.380000007131457e-08,2.240000007702747e-08,3.790000135950322e-08,1.2000000104706032e-08,6.600000101997239e-09
1775652033.1914651,2026-04-08 13:40:33.191465,0.21799999475479126,4.3699998286683694e-08,2.240000007702747e-08,3.839999962451657e-08,1.1800000088157958e-08,6.600000101997239e-09
1775652035.2684927,2026-04-08 13:40:35.268493,0.21899999678134918,4.380000007131457e-08,2.240000007702747e-08,3.830000139259937e-08,1.1900000096431995e-08,6.580000100342431e-09
1775652037.3334043,2026-04-08 13:40:37.333404,0.21799999475479126,4.3699998286683694e-08,2.240000007702747e-08,3.7799999574872345e-08,1.1900000096431995e-08,6.570000099515028e-09
1775652039.394199,2026-04-08 13:40:39.394199,0.21899999678134918,4.380000007131457e-08,2.240000007702747e-08,3.699999950868005e-08,1.2000000104706032e-08,6.600000101997239e-09
1775652041.454457,2026-04-08 13:40:41.454457,0.21799999475479126,4.380000007131457e-08,2.240000007702747e-08,3.8199999607968493e-08,1.2000000104706032e-08,6.63000010447945e-09
1775652043.5029633,2026-04-08 13:40:43.502963,0.21799999475479126,4.3699998286683694e-08,2.240000007702747e-08,3.7799999574872345e-08,1.1900000096431995e-08,6.590000101169835e-09
1775652045.5665112,2026-04-08 13:40:45.566511,0.21799999475479126,4.380000007131457e-08,2.240000007702747e-08,3.8100001376051296e-08,1.2000000104706032e-08,6.590000101169835e-09
1775652047.6020496,2026-04-08 13:40:47.602050,0.21799999475479126,4.380000007131457e-08,2.240000007702747e-08,3.7399999541776197e-08,1.1800000088157958e-08,6.580000100342431e-09
1775652049.6596029,2026-04-08 13:40:49.659603,0.21799999475479126,4.389999830323177e-08,2.240000007702747e-08,3.7399999541776197e-08,1.1900000096431995e-08,6.570000099515028e-09
1775652051.7199874,2026-04-08 13:40:51.719987,0.21799999475479126,4.3699998286683694e-08,2.240000007702747e-08,3.839999962451657e-08,1.1900000096431995e-08,6.570000099515028e-09
1775652053.7679546,2026-04-08 13:40:53.767955,0.21799999475479126,4.389999830323177e-08,2.240000007702747e-08,3.750000132640707e-08,1.1900000096431995e-08,6.600000101997239e-09
1775652055.803612,2026-04-08 13:40:55.803612,0.21799999475479126,4.389999830323177e-08,2.240000007702747e-08,3.8500001409147444e-08,1.1900000096431995e-08,6.600000101997239e-09
1775652057.8487155,2026-04-08 13:40:57.848716,0.21799999475479126,4.3699998286683694e-08,2.240000007702747e-08,3.750000132640707e-08,1.1900000096431995e-08,6.55000009786022e-09
1775652059.892669,2026-04-08 13:40:59.892669,0.21799999475479126,4.3699998286683694e-08,2.240000007702747e-08,3.790000135950322e-08,1.1800000088157958e-08,6.620000103652046e-09
1775652061.9574978,2026-04-08 13:41:01.957498,0.21799999475479126,4.3699998286683694e-08,2.240000007702747e-08,3.759999955832427e-08,1.1900000096431995e-08,6.6100001028246425e-09
1775652064.0044038,2026-04-08 13:41:04.004404,0.21799999475479126,4.380000007131457e-08,2.240000007702747e-08,3.790000135950322e-08,1.1900000096431995e-08,6.580000100342431e-09
1775652066.0518367,2026-04-08 13:41:06.051837,0.21799999475479126,4.380000007131457e-08,2.240000007702747e-08,3.770000134295515e-08,1.1900000096431995e-08,6.570000099515028e-09
1775652068.0965047,2026-04-08 13:41:08.096505,0.21799999475479126,4.380000007131457e-08,2.240000007702747e-08,3.790000135950322e-08,1.1900000096431995e-08,6.6100001028246425e-09
1775652070.1442466,2026-04-08 13:41:10.144247,0.21899999678134918,4.3699998286683694e-08,2.240000007702747e-08,3.790000135950322e-08,1.1800000088157958e-08,6.580000100342431e-09
1775652072.192896,2026-04-08 13:41:12.192896,0.21799999475479126,4.380000007131457e-08,2.240000007702747e-08,3.8100001376051296e-08,1.1900000096431995e-08,6.600000101997239e-09
1775652074.237146,2026-04-08 13:41:14.237146,0.21899999678134918,4.3699998286683694e-08,2.240000007702747e-08,3.799999959142042e-08,1.1900000096431995e-08,6.580000100342431e-09
1775652076.285871,2026-04-08 13:41:16.285871,0.21799999475479126,4.380000007131457e-08,2.240000007702747e-08,3.8100001376051296e-08,1.2000000104706032e-08,6.580000100342431e-09
1775652078.3348837,2026-04-08 13:41:18.334884,0.21799999475479126,4.3699998286683694e-08,2.240000007702747e-08,3.7799999574872345e-08,1.1900000096431995e-08,6.580000100342431e-09
1775652080.3970876,2026-04-08 13:41:20.397088,0.21899999678134918,4.389999830323177e-08,2.240000007702747e-08,3.759999955832427e-08,1.2300000129528144e-08,6.590000101169835e-09
1775652082.4545205,2026-04-08 13:41:22.454520,0.21799999475479126,4.380000007131457e-08,2.240000007702747e-08,3.8199999607968493e-08,1.1900000096431995e-08,6.6100001028246425e-09
1775652084.5181086,2026-04-08 13:41:24.518109,0.21799999475479126,4.380000007131457e-08,2.240000007702747e-08,3.8199999607968493e-08,1.1900000096431995e-08,6.63000010447945e-09
1775652086.6120965,2026-04-08 13:41:26.612097,0.21799999475479126,4.380000007131457e-08,2.240000007702747e-08,3.799999959142042e-08,1.1900000096431995e-08,6.600000101997239e-09
1775652088.6902263,2026-04-08 13:41:28.690226,0.21799999475479126,4.3699998286683694e-08,2.240000007702747e-08,3.7799999574872345e-08,1.1900000096431995e-08,6.590000101169835e-09
1775652090.7370744,2026-04-08 13:41:30.737074,0.21799999475479126,4.389999830323177e-08,2.240000007702747e-08,3.790000135950322e-08,1.1900000096431995e-08,6.560000098687624e-09
1775652092.788779,2026-04-08 13:41:32.788779,0.21799999475479126,4.380000007131457e-08,2.240000007702747e-08,3.759999955832427e-08,1.1900000096431995e-08,6.600000101997239e-09
1775652094.8351827,2026-04-08 13:41:34.835183,0.21899999678134918,4.380000007131457e-08,2.240000007702747e-08,3.7799999574872345e-08,1.1900000096431995e-08,6.620000103652046e-09
1775652096.8767705,2026-04-08 13:41:36.876770,0.21799999475479126,4.389999830323177e-08,2.240000007702747e-08,3.8100001376051296e-08,1.2000000104706032e-08,6.6100001028246425e-09
1775652098.9418747,2026-04-08 13:41:38.941875,0.21799999475479126,4.380000007131457e-08,2.240000007702747e-08,3.859999964106464e-08,1.1900000096431995e-08,6.580000100342431e-09
1775652101.003204,2026-04-08 13:41:41.003204,0.21899999678134918,4.3699998286683694e-08,2.240000007702747e-08,3.830000139259937e-08,1.1800000088157958e-08,6.600000101997239e-09
1775652103.0662544,2026-04-08 13:41:43.066254,0.21899999678134918,4.3699998286683694e-08,2.240000007702747e-08,3.839999962451657e-08,1.1900000096431995e-08,6.55000009786022e-09
1775652105.126261,2026-04-08 13:41:45.126261,0.21799999475479126,4.389999830323177e-08,2.240000007702747e-08,3.790000135950322e-08,1.1900000096431995e-08,6.6100001028246425e-09
1775652107.1798608,2026-04-08 13:41:47.179861,0.21899999678134918,4.389999830323177e-08,2.240000007702747e-08,3.790000135950322e-08,1.1900000096431995e-08,6.6100001028246425e-09
1775652109.2399278,2026-04-08 13:41:49.239928,0.21799999475479126,4.389999830323177e-08,2.240000007702747e-08,3.770000134295515e-08,1.1900000096431995e-08,6.600000101997239e-09
1775652111.3016195,2026-04-08 13:41:51.301620,0.21799999475479126,4.380000007131457e-08,2.240000007702747e-08,3.7799999574872345e-08,1.1800000088157958e-08,6.590000101169835e-09
1775652113.3490558,2026-04-08 13:41:53.349056,0.21799999475479126,4.380000007131457e-08,2.240000007702747e-08,3.839999962451657e-08,1.1900000096431995e-08,6.600000101997239e-09
1775652115.4103477,2026-04-08 13:41:55.410348,0.21799999475479126,4.389999830323177e-08,2.2500000085301508e-08,3.759999955832427e-08,1.1900000096431995e-08,6.600000101997239e-09
1775652117.4611301,2026-04-08 13:41:57.461130,0.21799999475479126,4.380000007131457e-08,2.240000007702747e-08,3.799999959142042e-08,1.2000000104706032e-08,6.6100001028246425e-09
1775652119.5354357,2026-04-08 13:41:59.535436,0.21899999678134918,4.380000007131457e-08,2.240000007702747e-08,3.7300001309859e-08,1.1900000096431995e-08,6.6100001028246425e-09
1775652121.568116,2026-04-08 13:42:01.568116,0.21899999678134918,4.389999830323177e-08,2.240000007702747e-08,3.7799999574872345e-08,1.1900000096431995e-08,6.650000106134257e-09
1775652123.595803,2026-04-08 13:42:03.595803,0.21799999475479126,4.389999830323177e-08,2.2500000085301508e-08,3.799999959142042e-08,1.1900000096431995e-08,6.600000101997239e-09
1775652125.6635442,2026-04-08 13:42:05.663544,0.21899999678134918,4.389999830323177e-08,2.240000007702747e-08,3.770000134295515e-08,1.1900000096431995e-08,6.600000101997239e-09
1775652127.7280996,2026-04-08 13:42:07.728100,0.21799999475479126,4.389999830323177e-08,2.240000007702747e-08,3.7799999574872345e-08,1.1900000096431995e-08,6.590000101169835e-09
1775652129.7829611,2026-04-08 13:42:09.782961,0.21799999475479126,4.380000007131457e-08,2.240000007702747e-08,3.8100001376051296e-08,1.1900000096431995e-08,6.600000101997239e-09
1775652131.8493311,2026-04-08 13:42:11.849331,0.21899999678134918,4.380000007131457e-08,2.2500000085301508e-08,3.8100001376051296e-08,1.1900000096431995e-08,6.580000100342431e-09
1775652133.914305,2026-04-08 13:42:13.914305,0.21799999475479126,4.389999830323177e-08,2.240000007702747e-08,3.8199999607968493e-08,1.1900000096431995e-08,6.570000099515028e-09
1775652135.9590201,2026-04-08 13:42:15.959020,0.21799999475479126,4.380000007131457e-08,2.240000007702747e-08,3.870000142569552e-08,1.1900000096431995e-08,6.590000101169835e-09
1775652138.071006,2026-04-08 13:42:18.071006,0.21799999475479126,4.380000007131457e-08,2.240000007702747e-08,3.7799999574872345e-08,1.1900000096431995e-08,6.580000100342431e-09
1775652140.1467326,2026-04-08 13:42:20.146733,0.21799999475479126,4.380000007131457e-08,2.240000007702747e-08,3.7399999541776197e-08,1.1900000096431995e-08,6.6100001028246425e-09
1775652142.2067723,2026-04-08 13:42:22.206772,0.21799999475479126,4.389999830323177e-08,2.2500000085301508e-08,3.7799999574872345e-08,1.1900000096431995e-08,6.580000100342431e-09
1775652144.2519526,2026-04-08 13:42:24.251953,0.21799999475479126,4.380000007131457e-08,2.240000007702747e-08,3.870000142569552e-08,1.1900000096431995e-08,6.590000101169835e-09
1775652146.3179483,2026-04-08 13:42:26.317948,0.21799999475479126,4.389999830323177e-08,2.2500000085301508e-08,3.750000132640707e-08,1.1900000096431995e-08,6.590000101169835e-09
1775652148.3785532,2026-04-08 13:42:28.378553,0.21799999475479126,4.3699998286683694e-08,2.240000007702747e-08,3.799999959142042e-08,1.1900000096431995e-08,6.580000100342431e-09
1775652150.4261343,2026-04-08 13:42:30.426134,0.21799999475479126,4.389999830323177e-08,2.2500000085301508e-08,3.8100001376051296e-08,1.1900000096431995e-08,6.63000010447945e-09
1775652152.5069735,2026-04-08 13:42:32.506974,0.21799999475479126,4.3699998286683694e-08,2.2500000085301508e-08,3.790000135950322e-08,1.1900000096431995e-08,6.600000101997239e-09
1775652154.537069,2026-04-08 13:42:34.537069,0.21799999475479126,4.389999830323177e-08,2.240000007702747e-08,3.830000139259937e-08,1.1900000096431995e-08,6.580000100342431e-09
1775652156.6001823,2026-04-08 13:42:36.600182,0.21899999678134918,4.380000007131457e-08,2.240000007702747e-08,3.790000135950322e-08,1.1900000096431995e-08,6.6100001028246425e-09
1775652158.658523,2026-04-08 13:42:38.658523,0.21799999475479126,4.3699998286683694e-08,2.2500000085301508e-08,3.8199999607968493e-08,1.1900000096431995e-08,6.600000101997239e-09
1775652160.7094939,2026-04-08 13:42:40.709494,0.21799999475479126,4.389999830323177e-08,2.2500000085301508e-08,3.790000135950322e-08,1.1900000096431995e-08,6.600000101997239e-09
1775652162.7545855,2026-04-08 13:42:42.754586,0.21799999475479126,4.389999830323177e-08,2.2500000085301508e-08,3.759999955832427e-08,1.1900000096431995e-08,6.600000101997239e-09
1775652164.8321054,2026-04-08 13:42:44.832105,0.21799999475479126,4.389999830323177e-08,2.2500000085301508e-08,3.799999959142042e-08,1.1900000096431995e-08,6.6100001028246425e-09
1775652166.8819513,2026-04-08 13:42:46.881951,0.21799999475479126,4.389999830323177e-08,2.2500000085301508e-08,3.8199999607968493e-08,1.1900000096431995e-08,6.580000100342431e-09
1775652168.9260116,2026-04-08 13:42:48.926012,0.21799999475479126,4.389999830323177e-08,2.2500000085301508e-08,3.7399999541776197e-08,1.1900000096431995e-08,6.600000101997239e-09
1775652170.9734507,2026-04-08 13:42:50.973451,0.21799999475479126,4.380000007131457e-08,2.240000007702747e-08,3.790000135950322e-08,1.1900000096431995e-08,6.590000101169835e-09
1775652173.019899,2026-04-08 13:42:53.019899,0.21799999475479126,4.389999830323177e-08,2.2500000085301508e-08,3.790000135950322e-08,1.1900000096431995e-08,6.600000101997239e-09
1775652175.0593317,2026-04-08 13:42:55.059332,0.21799999475479126,4.389999830323177e-08,2.2500000085301508e-08,3.8199999607968493e-08,1.1900000096431995e-08,6.6100001028246425e-09
1775652177.0652573,2026-04-08 13:42:57.065257,0.21799999475479126,4.389999830323177e-08,2.2500000085301508e-08,3.830000139259937e-08,1.1900000096431995e-08,6.55000009786022e-09
1775652179.0966065,2026-04-08 13:42:59.096606,0.21799999475479126,4.389999830323177e-08,2.2500000085301508e-08,3.790000135950322e-08,1.1900000096431995e-08,6.6100001028246425e-09
1775652181.1590574,2026-04-08 13:43:01.159057,0.21799999475479126,4.3699998286683694e-08,2.2500000085301508e-08,3.770000134295515e-08,1.1900000096431995e-08,6.580000100342431e-09
1775652183.204874,2026-04-08 13:43:03.204874,0.21799999475479126,4.389999830323177e-08,2.2500000085301508e-08,3.790000135950322e-08,1.1900000096431995e-08,6.580000100342431e-09
1775652185.268201,2026-04-08 13:43:05.268201,0.21799999475479126,4.389999830323177e-08,2.2500000085301508e-08,3.7799999574872345e-08,1.1900000096431995e-08,6.600000101997239e-09
1775652187.3183227,2026-04-08 13:43:07.318323,0.21799999475479126,4.389999830323177e-08,2.2500000085301508e-08,3.7799999574872345e-08,1.1900000096431995e-08,6.600000101997239e-09
1775652189.364372,2026-04-08 13:43:09.364372,0.21799999475479126,4.380000007131457e-08,2.2500000085301508e-08,3.830000139259937e-08,1.1900000096431995e-08,6.620000103652046e-09
1775652191.4282322,2026-04-08 13:43:11.428232,0.21799999475479126,4.389999830323177e-08,2.2500000085301508e-08,3.7399999541776197e-08,1.1900000096431995e-08,6.620000103652046e-09
1775652193.4908502,2026-04-08 13:43:13.490850,0.21799999475479126,4.389999830323177e-08,2.2500000085301508e-08,3.8199999607968493e-08,1.1900000096431995e-08,6.6100001028246425e-09
1775652195.5486805,2026-04-08 13:43:15.548681,0.21799999475479126,4.4000000087862645e-08,2.2500000085301508e-08,3.799999959142042e-08,1.1900000096431995e-08,6.6100001028246425e-09
1775652197.6005054,2026-04-08 13:43:17.600505,0.21799999475479126,4.389999830323177e-08,2.2500000085301508e-08,3.8199999607968493e-08,1.2000000104706032e-08,6.6100001028246425e-09
1775652199.6612551,2026-04-08 13:43:19.661255,0.21799999475479126,4.380000007131457e-08,2.2500000085301508e-08,3.799999959142042e-08,1.1900000096431995e-08,6.620000103652046e-09
1775652201.7207778,2026-04-08 13:43:21.720778,0.21799999475479126,4.389999830323177e-08,2.2500000085301508e-08,3.8100001376051296e-08,1.1900000096431995e-08,6.600000101997239e-09
1775652203.7589543,2026-04-08 13:43:23.758954,0.21799999475479126,4.389999830323177e-08,2.2500000085301508e-08,3.859999964106464e-08,1.1900000096431995e-08,6.580000100342431e-09
1775652205.8328001,2026-04-08 13:43:25.832800,0.21799999475479126,4.389999830323177e-08,2.2500000085301508e-08,3.790000135950322e-08,1.1900000096431995e-08,6.55000009786022e-09
1775652207.8933024,2026-04-08 13:43:27.893302,0.21799999475479126,4.389999830323177e-08,2.2500000085301508e-08,3.799999959142042e-08,1.2000000104706032e-08,6.6100001028246425e-09
1775652209.9411538,2026-04-08 13:43:29.941154,0.21799999475479126,4.389999830323177e-08,2.2500000085301508e-08,3.790000135950322e-08,1.2000000104706032e-08,6.620000103652046e-09
1775652212.0023522,2026-04-08 13:43:32.002352,0.21799999475479126,4.4000000087862645e-08,2.2500000085301508e-08,3.859999964106464e-08,1.1900000096431995e-08,6.600000101997239e-09
1775652214.004097,2026-04-08 13:43:34.004097,0.21799999475479126,4.389999830323177e-08,2.2500000085301508e-08,3.8100001376051296e-08,1.2000000104706032e-08,6.580000100342431e-09
1775652216.0494194,2026-04-08 13:43:36.049419,0.21899999678134918,4.389999830323177e-08,2.2500000085301508e-08,3.8100001376051296e-08,1.1900000096431995e-08,6.580000100342431e-09
1775652218.1151528,2026-04-08 13:43:38.115153,0.21799999475479126,4.3699998286683694e-08,2.2500000085301508e-08,3.799999959142042e-08,1.2000000104706032e-08,6.600000101997239e-09
1775652220.157742,2026-04-08 13:43:40.157742,0.21799999475479126,4.389999830323177e-08,2.2500000085301508e-08,3.799999959142042e-08,1.1900000096431995e-08,6.590000101169835e-09
1775652222.2310166,2026-04-08 13:43:42.231017,0.21799999475479126,4.389999830323177e-08,2.2500000085301508e-08,3.8100001376051296e-08,1.2000000104706032e-08,6.6100001028246425e-09
1775652224.2878878,2026-04-08 13:43:44.287888,0.21799999475479126,4.389999830323177e-08,2.2500000085301508e-08,3.839999962451657e-08,1.2000000104706032e-08,6.6100001028246425e-09
1775652226.3312752,2026-04-08 13:43:46.331275,0.21799999475479126,4.389999830323177e-08,2.2500000085301508e-08,3.770000134295515e-08,1.2000000104706032e-08,6.6100001028246425e-09
1775652228.393159,2026-04-08 13:43:48.393159,0.21799999475479126,4.4000000087862645e-08,2.2500000085301508e-08,3.790000135950322e-08,1.1900000096431995e-08,6.600000101997239e-09
1775652230.440601,2026-04-08 13:43:50.440601,0.21799999475479126,4.389999830323177e-08,2.2500000085301508e-08,3.8199999607968493e-08,1.1900000096431995e-08,6.580000100342431e-09
1775652232.4860961,2026-04-08 13:43:52.486096,0.21799999475479126,4.4000000087862645e-08,2.2500000085301508e-08,3.799999959142042e-08,1.2000000104706032e-08,6.580000100342431e-09
1775652234.5325172,2026-04-08 13:43:54.532517,0.21799999475479126,4.389999830323177e-08,2.2500000085301508e-08,3.799999959142042e-08,1.1900000096431995e-08,6.570000099515028e-09
1775652236.599464,2026-04-08 13:43:56.599464,0.21799999475479126,4.389999830323177e-08,2.2500000085301508e-08,3.8100001376051296e-08,1.1900000096431995e-08,6.570000099515028e-09
1775652238.6314762,2026-04-08 13:43:58.631476,0.21799999475479126,4.389999830323177e-08,2.2500000085301508e-08,3.830000139259937e-08,1.2000000104706032e-08,6.600000101997239e-09
1775652240.6927369,2026-04-08 13:44:00.692737,0.21799999475479126,4.389999830323177e-08,2.2500000085301508e-08,3.770000134295515e-08,1.1900000096431995e-08,6.570000099515028e-09
1775652242.7199943,2026-04-08 13:44:02.719994,0.21799999475479126,4.389999830323177e-08,2.2500000085301508e-08,3.790000135950322e-08,1.2000000104706032e-08,6.6100001028246425e-09
1775652244.7861063,2026-04-08 13:44:04.786106,0.21799999475479126,4.389999830323177e-08,2.2500000085301508e-08,3.839999962451657e-08,1.1900000096431995e-08,6.570000099515028e-09
1775652246.8347876,2026-04-08 13:44:06.834788,0.21799999475479126,4.4000000087862645e-08,2.2500000085301508e-08,3.830000139259937e-08,1.1900000096431995e-08,6.6100001028246425e-09
1775652248.879391,2026-04-08 13:44:08.879391,0.21799999475479126,4.389999830323177e-08,2.2500000085301508e-08,3.790000135950322e-08,1.1900000096431995e-08,6.570000099515028e-09
1775652250.9268043,2026-04-08 13:44:10.926804,0.21799999475479126,4.4000000087862645e-08,2.2500000085301508e-08,3.839999962451657e-08,1.1900000096431995e-08,6.6100001028246425e-09
1775652252.9743056,2026-04-08 13:44:12.974306,0.21799999475479126,4.389999830323177e-08,2.2500000085301508e-08,3.8100001376051296e-08,1.1900000096431995e-08,6.600000101997239e-09
1775652255.0212355,2026-04-08 13:44:15.021235,0.21799999475479126,4.389999830323177e-08,2.2500000085301508e-08,3.790000135950322e-08,1.2000000104706032e-08,6.6100001028246425e-09
1775652257.0514467,2026-04-08 13:44:17.051447,0.21799999475479126,4.4000000087862645e-08,2.2500000085301508e-08,3.8500001409147444e-08,1.1900000096431995e-08,6.600000101997239e-09
1775652259.1198142,2026-04-08 13:44:19.119814,0.21799999475479126,4.4000000087862645e-08,2.2500000085301508e-08,3.839999962451657e-08,1.1900000096431995e-08,6.63000010447945e-09
1775652261.1582506,2026-04-08 13:44:21.158251,0.21799999475479126,4.389999830323177e-08,2.2500000085301508e-08,3.8500001409147444e-08,1.1900000096431995e-08,6.600000101997239e-09
1775652263.222191,2026-04-08 13:44:23.222191,0.21799999475479126,4.389999830323177e-08,2.2500000085301508e-08,3.839999962451657e-08,1.1900000096431995e-08,6.590000101169835e-09
1775652265.2869165,2026-04-08 13:44:25.286916,0.21799999475479126,4.4000000087862645e-08,2.2500000085301508e-08,3.790000135950322e-08,1.2500000146076218e-08,6.650000106134257e-09
1775652267.330861,2026-04-08 13:44:27.330861,0.21799999475479126,4.389999830323177e-08,2.2500000085301508e-08,3.750000132640707e-08,1.1900000096431995e-08,6.6100001028246425e-09
1775652269.3922772,2026-04-08 13:44:29.392277,0.21799999475479126,4.4000000087862645e-08,2.2500000085301508e-08,3.8100001376051296e-08,1.2000000104706032e-08,6.510000094550605e-09
1775652271.470386,2026-04-08 13:44:31.470386,0.21799999475479126,4.389999830323177e-08,2.2500000085301508e-08,3.8500001409147444e-08,1.2000000104706032e-08,6.6100001028246425e-09
1775652273.5197024,2026-04-08 13:44:33.519702,0.21799999475479126,4.389999830323177e-08,2.2500000085301508e-08,3.870000142569552e-08,1.2000000104706032e-08,6.6100001028246425e-09
1775652275.579924,2026-04-08 13:44:35.579924,0.21799999475479126,4.4000000087862645e-08,2.2500000085301508e-08,3.8100001376051296e-08,1.2000000104706032e-08,6.590000101169835e-09
1775652277.6453166,2026-04-08 13:44:37.645317,0.21799999475479126,4.4000000087862645e-08,2.2500000085301508e-08,3.790000135950322e-08,1.1900000096431995e-08,6.580000100342431e-09
1775652279.6918504,2026-04-08 13:44:39.691850,0.21799999475479126,4.4000000087862645e-08,2.2500000085301508e-08,3.759999955832427e-08,1.2000000104706032e-08,6.600000101997239e-09
1775652281.7237518,2026-04-08 13:44:41.723752,0.21799999475479126,4.389999830323177e-08,2.2500000085301508e-08,3.8500001409147444e-08,1.1900000096431995e-08,6.6100001028246425e-09
1775652283.788088,2026-04-08 13:44:43.788088,0.21799999475479126,4.389999830323177e-08,2.2500000085301508e-08,3.7799999574872345e-08,1.1900000096431995e-08,6.600000101997239e-09
1775652285.8328846,2026-04-08 13:44:45.832885,0.21799999475479126,4.4000000087862645e-08,2.2500000085301508e-08,3.790000135950322e-08,1.2000000104706032e-08,6.530000096205413e-09
1775652287.8762515,2026-04-08 13:44:47.876251,0.21799999475479126,4.389999830323177e-08,2.2500000085301508e-08,3.790000135950322e-08,1.2000000104706032e-08,6.6100001028246425e-09
1775652289.96044,2026-04-08 13:44:49.960440,0.21799999475479126,4.389999830323177e-08,2.2500000085301508e-08,3.790000135950322e-08,1.2000000104706032e-08,6.650000106134257e-09
1775652292.0051172,2026-04-08 13:44:52.005117,0.21799999475479126,4.389999830323177e-08,2.2500000085301508e-08,3.770000134295515e-08,1.1900000096431995e-08,6.620000103652046e-09
1775652294.0522912,2026-04-08 13:44:54.052291,0.21799999475479126,4.389999830323177e-08,2.2500000085301508e-08,3.799999959142042e-08,1.1900000096431995e-08,6.590000101169835e-09
1775652296.08818,2026-04-08 13:44:56.088180,0.21799999475479126,4.389999830323177e-08,2.2500000085301508e-08,3.830000139259937e-08,1.1900000096431995e-08,6.6100001028246425e-09
1775652298.141932,2026-04-08 13:44:58.141932,0.21799999475479126,4.389999830323177e-08,2.2500000085301508e-08,3.759999955832427e-08,1.1900000096431995e-08,6.600000101997239e-09
1775652300.1919916,2026-04-08 13:45:00.191992,0.21799999475479126,4.4000000087862645e-08,2.2500000085301508e-08,3.790000135950322e-08,1.2000000104706032e-08,6.6100001028246425e-09
1775652302.23861,2026-04-08 13:45:02.238610,0.21799999475479126,4.389999830323177e-08,2.2500000085301508e-08,3.770000134295515e-08,1.2000000104706032e-08,6.510000094550605e-09
1775652304.2860756,2026-04-08 13:45:04.286076,0.21799999475479126,4.389999830323177e-08,2.2500000085301508e-08,3.770000134295515e-08,1.1900000096431995e-08,6.580000100342431e-09
1775652306.3348496,2026-04-08 13:45:06.334850,0.21799999475479126,4.389999830323177e-08,2.2500000085301508e-08,3.790000135950322e-08,1.1900000096431995e-08,6.580000100342431e-09
1775652308.345424,2026-04-08 13:45:08.345424,0.21799999475479126,4.4000000087862645e-08,2.2500000085301508e-08,3.770000134295515e-08,1.2000000104706032e-08,6.6100001028246425e-09
1775652310.4132497,2026-04-08 13:45:10.413250,0.21799999475479126,4.389999830323177e-08,2.2500000085301508e-08,3.8100001376051296e-08,1.1900000096431995e-08,6.6400001053068536e-09
1775652312.4554694,2026-04-08 13:45:12.455469,0.21799999475479126,4.4000000087862645e-08,2.2500000085301508e-08,3.839999962451657e-08,1.2000000104706032e-08,6.620000103652046e-09
1775652314.5013003,2026-04-08 13:45:14.501300,0.21799999475479126,4.4000000087862645e-08,2.2500000085301508e-08,3.799999959142042e-08,1.2000000104706032e-08,6.560000098687624e-09
1775652316.5658953,2026-04-08 13:45:16.565895,0.21799999475479126,4.4000000087862645e-08,2.2500000085301508e-08,3.839999962451657e-08,1.1900000096431995e-08,6.600000101997239e-09
1775652318.6131415,2026-04-08 13:45:18.613142,0.21799999475479126,4.389999830323177e-08,2.2500000085301508e-08,3.7399999541776197e-08,1.2000000104706032e-08,6.590000101169835e-09
1775652320.65766,2026-04-08 13:45:20.657660,0.21799999475479126,4.4000000087862645e-08,2.2500000085301508e-08,3.759999955832427e-08,1.2000000104706032e-08,6.63000010447945e-09
1775652322.7005877,2026-04-08 13:45:22.700588,0.21799999475479126,4.4000000087862645e-08,2.2500000085301508e-08,3.770000134295515e-08,1.210000011298007e-08,6.6400001053068536e-09
1775652324.7688584,2026-04-08 13:45:24.768858,0.21799999475479126,4.4000000087862645e-08,2.2500000085301508e-08,3.799999959142042e-08,1.2000000104706032e-08,6.560000098687624e-09
1775652326.8448873,2026-04-08 13:45:26.844887,0.21799999475479126,4.4000000087862645e-08,2.2500000085301508e-08,3.759999955832427e-08,1.1900000096431995e-08,6.580000100342431e-09
1775652328.895777,2026-04-08 13:45:28.895777,0.21799999475479126,4.409999831977984e-08,2.2500000085301508e-08,3.8100001376051296e-08,1.1900000096431995e-08,6.6100001028246425e-09
1775652330.9400995,2026-04-08 13:45:30.940099,0.21799999475479126,4.4000000087862645e-08,2.2500000085301508e-08,3.8199999607968493e-08,1.2000000104706032e-08,6.6100001028246425e-09
1775652332.9856324,2026-04-08 13:45:32.985632,0.21799999475479126,4.4000000087862645e-08,2.2500000085301508e-08,3.830000139259937e-08,1.1900000096431995e-08,6.6100001028246425e-09
1775652335.0508344,2026-04-08 13:45:35.050834,0.21799999475479126,4.4000000087862645e-08,2.2500000085301508e-08,3.8100001376051296e-08,1.2000000104706032e-08,6.580000100342431e-09
1775652337.1267502,2026-04-08 13:45:37.126750,0.21799999475479126,4.4000000087862645e-08,2.2500000085301508e-08,3.830000139259937e-08,1.2000000104706032e-08,6.6100001028246425e-09
1775652339.1904953,2026-04-08 13:45:39.190495,0.21799999475479126,4.4000000087862645e-08,2.2500000085301508e-08,3.899999967416079e-08,1.2000000104706032e-08,6.6100001028246425e-09
1775652341.2550287,2026-04-08 13:45:41.255029,0.21799999475479126,4.4000000087862645e-08,2.2500000085301508e-08,3.8100001376051296e-08,1.1900000096431995e-08,6.6100001028246425e-09
1775652343.3061721,2026-04-08 13:45:43.306172,0.21799999475479126,4.4000000087862645e-08,2.2500000085301508e-08,3.799999959142042e-08,1.2000000104706032e-08,6.590000101169835e-09
1775652345.347045,2026-04-08 13:45:45.347045,0.21799999475479126,4.4000000087862645e-08,2.2500000085301508e-08,3.8100001376051296e-08,1.2000000104706032e-08,6.590000101169835e-09
1775652347.4140923,2026-04-08 13:45:47.414092,0.21799999475479126,4.4000000087862645e-08,2.2500000085301508e-08,3.790000135950322e-08,1.1900000096431995e-08,6.590000101169835e-09
1775652349.4548683,2026-04-08 13:45:49.454868,0.21799999475479126,4.4000000087862645e-08,2.2500000085301508e-08,3.759999955832427e-08,1.2000000104706032e-08,6.6100001028246425e-09
1775652351.520209,2026-04-08 13:45:51.520209,0.21799999475479126,4.4000000087862645e-08,2.2500000085301508e-08,3.839999962451657e-08,1.1900000096431995e-08,6.600000101997239e-09
1775652353.5825243,2026-04-08 13:45:53.582524,0.21799999475479126,4.4000000087862645e-08,2.2500000085301508e-08,3.839999962451657e-08,1.2000000104706032e-08,6.6400001053068536e-09
1775652355.6275213,2026-04-08 13:45:55.627521,0.21799999475479126,4.4000000087862645e-08,2.2500000085301508e-08,3.770000134295515e-08,1.2000000104706032e-08,6.6100001028246425e-09
1775652357.6919377,2026-04-08 13:45:57.691938,0.21799999475479126,4.4000000087862645e-08,2.2500000085301508e-08,3.839999962451657e-08,1.210000011298007e-08,6.580000100342431e-09
1775652359.7518249,2026-04-08 13:45:59.751825,0.21799999475479126,4.4000000087862645e-08,2.2500000085301508e-08,3.830000139259937e-08,1.1900000096431995e-08,6.63000010447945e-09
1775652361.8009605,2026-04-08 13:46:01.800961,0.21799999475479126,4.4000000087862645e-08,2.2500000085301508e-08,3.839999962451657e-08,1.2000000104706032e-08,6.620000103652046e-09
1775652363.847178,2026-04-08 13:46:03.847178,0.21799999475479126,4.4000000087862645e-08,2.2500000085301508e-08,3.8500001409147444e-08,1.2000000104706032e-08,6.6100001028246425e-09
1775652365.8962421,2026-04-08 13:46:05.896242,0.21799999475479126,4.4000000087862645e-08,2.2500000085301508e-08,3.870000142569552e-08,1.2000000104706032e-08,6.560000098687624e-09
1775652367.9414403,2026-04-08 13:46:07.941440,0.21799999475479126,4.4000000087862645e-08,2.2500000085301508e-08,3.8500001409147444e-08,1.2000000104706032e-08,6.63000010447945e-09
1775652369.9871056,2026-04-08 13:46:09.987106,0.21799999475479126,4.4000000087862645e-08,2.2500000085301508e-08,3.870000142569552e-08,1.2000000104706032e-08,6.600000101997239e-09
1775652372.048491,2026-04-08 13:46:12.048491,0.21799999475479126,4.4000000087862645e-08,2.2500000085301508e-08,3.8199999607968493e-08,1.1900000096431995e-08,6.63000010447945e-09
1775652374.08305,2026-04-08 13:46:14.083050,0.21799999475479126,4.4000000087862645e-08,2.2600000093575545e-08,3.8199999607968493e-08,1.1900000096431995e-08,6.590000101169835e-09
1775652376.1313086,2026-04-08 13:46:16.131309,0.21799999475479126,4.4000000087862645e-08,2.2500000085301508e-08,3.799999959142042e-08,1.1800000088157958e-08,6.600000101997239e-09
1775652378.1788974,2026-04-08 13:46:18.178897,0.21799999475479126,4.4000000087862645e-08,2.2500000085301508e-08,3.8799999657612716e-08,1.2000000104706032e-08,6.590000101169835e-09
1775652380.2299695,2026-04-08 13:46:20.229970,0.21799999475479126,4.4000000087862645e-08,2.2500000085301508e-08,3.890000144224359e-08,1.2000000104706032e-08,6.6100001028246425e-09
1775652382.2883735,2026-04-08 13:46:22.288373,0.21799999475479126,4.4000000087862645e-08,2.2600000093575545e-08,3.839999962451657e-08,1.2000000104706032e-08,6.600000101997239e-09
1775652384.3344913,2026-04-08 13:46:24.334491,0.21799999475479126,4.4000000087862645e-08,2.2500000085301508e-08,3.859999964106464e-08,1.2000000104706032e-08,6.650000106134257e-09
1775652386.3813722,2026-04-08 13:46:26.381372,0.21799999475479126,4.4000000087862645e-08,2.2500000085301508e-08,3.750000132640707e-08,1.2000000104706032e-08,6.570000099515028e-09
1775652388.4411705,2026-04-08 13:46:28.441170,0.21799999475479126,4.4000000087862645e-08,2.2600000093575545e-08,3.790000135950322e-08,1.1900000096431995e-08,6.600000101997239e-09
1775652390.5049064,2026-04-08 13:46:30.504906,0.21799999475479126,4.4000000087862645e-08,2.2500000085301508e-08,3.7399999541776197e-08,1.1900000096431995e-08,6.600000101997239e-09
1775652392.552626,2026-04-08 13:46:32.552626,0.21799999475479126,4.4000000087862645e-08,2.2600000093575545e-08,3.799999959142042e-08,1.2000000104706032e-08,6.590000101169835e-09
1775652394.596591,2026-04-08 13:46:34.596591,0.21799999475479126,4.4000000087862645e-08,2.2500000085301508e-08,3.859999964106464e-08,1.2000000104706032e-08,6.600000101997239e-09
1775652396.646098,2026-04-08 13:46:36.646098,0.21799999475479126,4.4000000087862645e-08,2.2500000085301508e-08,3.8199999607968493e-08,1.210000011298007e-08,6.6100001028246425e-09
1775652398.6921704,2026-04-08 13:46:38.692170,0.21799999475479126,4.4000000087862645e-08,2.2600000093575545e-08,3.7799999574872345e-08,1.2000000104706032e-08,6.63000010447945e-09
1775652400.737062,2026-04-08 13:46:40.737062,0.21799999475479126,4.4000000087862645e-08,2.2500000085301508e-08,3.759999955832427e-08,1.2000000104706032e-08,6.580000100342431e-09
1775652402.7883787,2026-04-08 13:46:42.788379,0.21799999475479126,4.409999831977984e-08,2.2600000093575545e-08,3.830000139259937e-08,1.2000000104706032e-08,6.580000100342431e-09
1775652404.8312387,2026-04-08 13:46:44.831239,0.21799999475479126,4.409999831977984e-08,2.2500000085301508e-08,3.799999959142042e-08,1.2000000104706032e-08,6.620000103652046e-09
1775652406.8822865,2026-04-08 13:46:46.882287,0.21799999475479126,4.4000000087862645e-08,2.2500000085301508e-08,3.7799999574872345e-08,1.2000000104706032e-08,6.63000010447945e-09
1775652408.9441178,2026-04-08 13:46:48.944118,0.21799999475479126,4.409999831977984e-08,2.2600000093575545e-08,3.839999962451657e-08,1.1900000096431995e-08,6.580000100342431e-09
1775652411.0044851,2026-04-08 13:46:51.004485,0.21799999475479126,4.409999831977984e-08,2.2600000093575545e-08,3.8500001409147444e-08,1.1900000096431995e-08,6.600000101997239e-09
1775652413.0694687,2026-04-08 13:46:53.069469,0.21799999475479126,4.4000000087862645e-08,2.2600000093575545e-08,3.790000135950322e-08,1.2000000104706032e-08,6.580000100342431e-09
1775652415.1311252,2026-04-08 13:46:55.131125,0.21799999475479126,4.4000000087862645e-08,2.2600000093575545e-08,3.8199999607968493e-08,1.2000000104706032e-08,6.590000101169835e-09
1775652417.1897724,2026-04-08 13:46:57.189772,0.21799999475479126,4.4000000087862645e-08,2.2600000093575545e-08,3.8500001409147444e-08,1.2000000104706032e-08,6.6400001053068536e-09
1775652419.2537558,2026-04-08 13:46:59.253756,0.21799999475479126,4.409999831977984e-08,2.2600000093575545e-08,3.8199999607968493e-08,1.1900000096431995e-08,6.6100001028246425e-09
1775652421.300541,2026-04-08 13:47:01.300541,0.21799999475479126,4.4000000087862645e-08,2.2500000085301508e-08,3.7799999574872345e-08,1.2000000104706032e-08,6.600000101997239e-09
1775652423.3479693,2026-04-08 13:47:03.347969,0.21799999475479126,4.4000000087862645e-08,2.2600000093575545e-08,3.790000135950322e-08,1.2000000104706032e-08,6.6100001028246425e-09
1775652425.4074616,2026-04-08 13:47:05.407462,0.21799999475479126,4.4000000087862645e-08,2.2600000093575545e-08,3.770000134295515e-08,1.2000000104706032e-08,6.620000103652046e-09
1775652427.44099,2026-04-08 13:47:07.440990,0.21799999475479126,4.4000000087862645e-08,2.2600000093575545e-08,3.7799999574872345e-08,1.2000000104706032e-08,6.6100001028246425e-09
1775652429.470529,2026-04-08 13:47:09.470529,0.21799999475479126,4.4000000087862645e-08,2.2600000093575545e-08,3.8100001376051296e-08,1.2300000129528144e-08,6.600000101997239e-09
1775652431.519135,2026-04-08 13:47:11.519135,0.21799999475479126,4.409999831977984e-08,2.2600000093575545e-08,3.830000139259937e-08,1.1900000096431995e-08,6.650000106134257e-09
1775652433.584047,2026-04-08 13:47:13.584047,0.21799999475479126,4.4000000087862645e-08,2.2600000093575545e-08,3.7799999574872345e-08,1.2000000104706032e-08,6.6100001028246425e-09
1775652435.6431732,2026-04-08 13:47:15.643173,0.21799999475479126,4.409999831977984e-08,2.2600000093575545e-08,3.839999962451657e-08,1.2000000104706032e-08,6.6100001028246425e-09
1775652437.67428,2026-04-08 13:47:17.674280,0.21799999475479126,4.4000000087862645e-08,2.2600000093575545e-08,3.799999959142042e-08,1.2000000104706032e-08,6.63000010447945e-09
1775652439.7378476,2026-04-08 13:47:19.737848,0.21799999475479126,4.409999831977984e-08,2.2600000093575545e-08,3.790000135950322e-08,1.2000000104706032e-08,6.570000099515028e-09
1775652441.8038976,2026-04-08 13:47:21.803898,0.21799999475479126,4.4000000087862645e-08,2.2600000093575545e-08,3.870000142569552e-08,1.210000011298007e-08,6.650000106134257e-09
1775652443.8406506,2026-04-08 13:47:23.840651,0.21799999475479126,4.409999831977984e-08,2.2600000093575545e-08,3.790000135950322e-08,1.2000000104706032e-08,6.600000101997239e-09
1775652445.8922346,2026-04-08 13:47:25.892235,0.21799999475479126,4.409999831977984e-08,2.2600000093575545e-08,3.7799999574872345e-08,1.2000000104706032e-08,6.580000100342431e-09
1775652447.9417367,2026-04-08 13:47:27.941737,0.21799999475479126,4.409999831977984e-08,2.2600000093575545e-08,3.759999955832427e-08,1.2000000104706032e-08,6.620000103652046e-09
1775652450.0023649,2026-04-08 13:47:30.002365,0.21799999475479126,4.4000000087862645e-08,2.2600000093575545e-08,3.799999959142042e-08,1.2000000104706032e-08,6.620000103652046e-09
1775652452.0664015,2026-04-08 13:47:32.066401,0.21799999475479126,4.409999831977984e-08,2.2600000093575545e-08,3.839999962451657e-08,1.2000000104706032e-08,6.590000101169835e-09
1775652454.1132545,2026-04-08 13:47:34.113255,0.21799999475479126,4.409999831977984e-08,2.2600000093575545e-08,3.790000135950322e-08,1.2000000104706032e-08,6.580000100342431e-09
1775652456.1586876,2026-04-08 13:47:36.158688,0.21799999475479126,4.4000000087862645e-08,2.2600000093575545e-08,3.830000139259937e-08,1.1900000096431995e-08,6.6400001053068536e-09
1775652458.209321,2026-04-08 13:47:38.209321,0.21799999475479126,4.4000000087862645e-08,2.2600000093575545e-08,3.790000135950322e-08,1.1900000096431995e-08,6.63000010447945e-09
1775652460.2587214,2026-04-08 13:47:40.258721,0.21799999475479126,4.409999831977984e-08,2.2600000093575545e-08,3.890000144224359e-08,1.2000000104706032e-08,6.600000101997239e-09
1775652462.3151977,2026-04-08 13:47:42.315198,0.21799999475479126,4.409999831977984e-08,2.2600000093575545e-08,3.7799999574872345e-08,1.2000000104706032e-08,6.590000101169835e-09
1775652464.3927433,2026-04-08 13:47:44.392743,0.21799999475479126,4.409999831977984e-08,2.2600000093575545e-08,3.870000142569552e-08,1.1900000096431995e-08,6.580000100342431e-09
1775652466.4573357,2026-04-08 13:47:46.457336,0.21799999475479126,4.409999831977984e-08,2.2600000093575545e-08,3.770000134295515e-08,1.2000000104706032e-08,6.600000101997239e-09
1775652468.4877324,2026-04-08 13:47:48.487732,0.21799999475479126,4.409999831977984e-08,2.2600000093575545e-08,3.799999959142042e-08,1.2000000104706032e-08,6.63000010447945e-09
1775652470.5344384,2026-04-08 13:47:50.534438,0.21799999475479126,4.409999831977984e-08,2.2600000093575545e-08,3.7399999541776197e-08,1.2000000104706032e-08,6.590000101169835e-09
1775652472.5675776,2026-04-08 13:47:52.567578,0.21799999475479126,4.409999831977984e-08,2.2600000093575545e-08,3.8500001409147444e-08,1.2000000104706032e-08,6.6100001028246425e-09
1775652474.6305358,2026-04-08 13:47:54.630536,0.21799999475479126,4.409999831977984e-08,2.2600000093575545e-08,3.799999959142042e-08,1.2000000104706032e-08,6.6400001053068536e-09
1775652476.6762598,2026-04-08 13:47:56.676260,0.21799999475479126,4.4000000087862645e-08,2.2600000093575545e-08,3.8100001376051296e-08,1.1900000096431995e-08,6.570000099515028e-09
1775652478.7389922,2026-04-08 13:47:58.738992,0.21799999475479126,4.409999831977984e-08,2.2600000093575545e-08,3.770000134295515e-08,1.2000000104706032e-08,6.63000010447945e-09
1775652480.7986376,2026-04-08 13:48:00.798638,0.21799999475479126,4.409999831977984e-08,2.2600000093575545e-08,3.8500001409147444e-08,1.2000000104706032e-08,6.6400001053068536e-09
1775652482.8315108,2026-04-08 13:48:02.831511,0.21799999475479126,4.409999831977984e-08,2.2600000093575545e-08,3.790000135950322e-08,1.2000000104706032e-08,6.63000010447945e-09
1775652484.8937252,2026-04-08 13:48:04.893725,0.21799999475479126,4.4000000087862645e-08,2.2600000093575545e-08,3.790000135950322e-08,1.2000000104706032e-08,6.580000100342431e-09
1775652486.9554281,2026-04-08 13:48:06.955428,0.21799999475479126,4.4000000087862645e-08,2.2600000093575545e-08,3.7799999574872345e-08,1.1900000096431995e-08,6.600000101997239e-09
1775652489.033631,2026-04-08 13:48:09.033631,0.21799999475479126,4.409999831977984e-08,2.2600000093575545e-08,3.8500001409147444e-08,1.210000011298007e-08,6.6100001028246425e-09
1775652491.0973814,2026-04-08 13:48:11.097381,0.21799999475479126,4.409999831977984e-08,2.2600000093575545e-08,3.859999964106464e-08,1.1900000096431995e-08,6.63000010447945e-09
1775652493.1617556,2026-04-08 13:48:13.161756,0.21799999475479126,4.409999831977984e-08,2.2600000093575545e-08,3.859999964106464e-08,1.2000000104706032e-08,6.6100001028246425e-09
1775652495.2056665,2026-04-08 13:48:15.205667,0.21799999475479126,4.409999831977984e-08,2.2600000093575545e-08,3.839999962451657e-08,1.2000000104706032e-08,6.620000103652046e-09
1775652497.253216,2026-04-08 13:48:17.253216,0.21799999475479126,4.409999831977984e-08,2.2600000093575545e-08,3.8199999607968493e-08,1.2000000104706032e-08,6.620000103652046e-09
1775652499.299687,2026-04-08 13:48:19.299687,0.21799999475479126,4.409999831977984e-08,2.2600000093575545e-08,3.790000135950322e-08,1.2000000104706032e-08,6.650000106134257e-09
1775652501.3334167,2026-04-08 13:48:21.333417,0.21799999475479126,4.409999831977984e-08,2.2600000093575545e-08,3.8199999607968493e-08,1.2000000104706032e-08,6.620000103652046e-09
1775652503.3975496,2026-04-08 13:48:23.397550,0.21799999475479126,4.409999831977984e-08,2.2600000093575545e-08,3.7799999574872345e-08,1.2000000104706032e-08,6.6100001028246425e-09
1775652505.4405627,2026-04-08 13:48:25.440563,0.21799999475479126,4.409999831977984e-08,2.2600000093575545e-08,3.859999964106464e-08,1.2000000104706032e-08,6.6100001028246425e-09
1775652507.481414,2026-04-08 13:48:27.481414,0.21799999475479126,4.409999831977984e-08,2.2600000093575545e-08,3.839999962451657e-08,1.2000000104706032e-08,6.63000010447945e-09
1775652509.5367885,2026-04-08 13:48:29.536788,0.21799999475479126,4.409999831977984e-08,2.2600000093575545e-08,3.839999962451657e-08,1.2000000104706032e-08,6.600000101997239e-09
1775652511.598156,2026-04-08 13:48:31.598156,0.21799999475479126,4.409999831977984e-08,2.2600000093575545e-08,3.799999959142042e-08,1.2000000104706032e-08,6.63000010447945e-09
1775652513.6188765,2026-04-08 13:48:33.618876,0.21799999475479126,4.409999831977984e-08,2.2600000093575545e-08,3.859999964106464e-08,1.2000000104706032e-08,6.6100001028246425e-09
1775652515.6767104,2026-04-08 13:48:35.676710,0.21799999475479126,4.409999831977984e-08,2.2600000093575545e-08,3.8199999607968493e-08,1.2000000104706032e-08,6.6100001028246425e-09
1775652517.723388,2026-04-08 13:48:37.723388,0.21799999475479126,4.409999831977984e-08,2.2600000093575545e-08,3.8500001409147444e-08,1.2000000104706032e-08,6.650000106134257e-09
1775652519.7825303,2026-04-08 13:48:39.782530,0.21799999475479126,4.409999831977984e-08,2.2600000093575545e-08,3.8100001376051296e-08,1.2000000104706032e-08,6.580000100342431e-09
1775652521.81539,2026-04-08 13:48:41.815390,0.21799999475479126,4.4000000087862645e-08,2.2600000093575545e-08,3.790000135950322e-08,1.2000000104706032e-08,6.600000101997239e-09
1775652523.869243,2026-04-08 13:48:43.869243,0.21799999475479126,4.420000010441072e-08,2.2600000093575545e-08,3.830000139259937e-08,1.2000000104706032e-08,6.600000101997239e-09
1775652525.941653,2026-04-08 13:48:45.941653,0.21799999475479126,4.409999831977984e-08,2.2600000093575545e-08,3.750000132640707e-08,1.2000000104706032e-08,6.63000010447945e-09
1775652528.0015564,2026-04-08 13:48:48.001556,0.21799999475479126,4.4000000087862645e-08,2.2600000093575545e-08,3.8500001409147444e-08,1.2000000104706032e-08,6.63000010447945e-09
1775652530.0372493,2026-04-08 13:48:50.037249,0.21799999475479126,4.409999831977984e-08,2.2600000093575545e-08,3.7300001309859e-08,1.2000000104706032e-08,6.570000099515028e-09
1775652532.099369,2026-04-08 13:48:52.099369,0.21799999475479126,4.409999831977984e-08,2.2600000093575545e-08,3.8100001376051296e-08,1.2000000104706032e-08,6.590000101169835e-09
1775652534.142975,2026-04-08 13:48:54.142975,0.21799999475479126,4.409999831977984e-08,2.2600000093575545e-08,3.790000135950322e-08,1.2000000104706032e-08,6.600000101997239e-09
1775652536.204611,2026-04-08 13:48:56.204611,0.21799999475479126,4.420000010441072e-08,2.2600000093575545e-08,3.870000142569552e-08,1.2000000104706032e-08,6.6400001053068536e-09
1775652538.2686965,2026-04-08 13:48:58.268697,0.21799999475479126,4.420000010441072e-08,2.2600000093575545e-08,3.859999964106464e-08,1.2000000104706032e-08,6.6400001053068536e-09
1775652540.31995,2026-04-08 13:49:00.319950,0.21799999475479126,4.409999831977984e-08,2.2600000093575545e-08,3.750000132640707e-08,1.2000000104706032e-08,6.650000106134257e-09
1775652542.380376,2026-04-08 13:49:02.380376,0.21799999475479126,4.420000010441072e-08,2.2600000093575545e-08,3.839999962451657e-08,1.1900000096431995e-08,6.6400001053068536e-09
1775652544.413678,2026-04-08 13:49:04.413678,0.21799999475479126,4.409999831977984e-08,2.2600000093575545e-08,3.790000135950322e-08,1.2000000104706032e-08,6.620000103652046e-09
1775652546.4729629,2026-04-08 13:49:06.472963,0.21799999475479126,4.420000010441072e-08,2.2600000093575545e-08,3.8199999607968493e-08,1.2000000104706032e-08,6.490000092895798e-09
1775652548.5051095,2026-04-08 13:49:08.505110,0.21799999475479126,4.409999831977984e-08,2.2600000093575545e-08,3.8199999607968493e-08,1.210000011298007e-08,6.620000103652046e-09
1775652550.5663884,2026-04-08 13:49:10.566388,0.21799999475479126,4.409999831977984e-08,2.2600000093575545e-08,3.830000139259937e-08,1.2000000104706032e-08,6.6100001028246425e-09
1775652552.6145225,2026-04-08 13:49:12.614522,0.21799999475479126,4.420000010441072e-08,2.2600000093575545e-08,3.8500001409147444e-08,1.2000000104706032e-08,6.650000106134257e-09
1775652554.6448772,2026-04-08 13:49:14.644877,0.21799999475479126,4.409999831977984e-08,2.2600000093575545e-08,3.7799999574872345e-08,1.2000000104706032e-08,6.620000103652046e-09
1775652556.7096508,2026-04-08 13:49:16.709651,0.21799999475479126,4.409999831977984e-08,2.2600000093575545e-08,3.790000135950322e-08,1.2000000104706032e-08,6.650000106134257e-09
1775652558.7367835,2026-04-08 13:49:18.736784,0.21799999475479126,4.420000010441072e-08,2.2600000093575545e-08,3.830000139259937e-08,1.2000000104706032e-08,6.6400001053068536e-09
1775652560.800431,2026-04-08 13:49:20.800431,0.21799999475479126,4.409999831977984e-08,2.2600000093575545e-08,3.839999962451657e-08,1.2000000104706032e-08,6.620000103652046e-09
1775652562.8514988,2026-04-08 13:49:22.851499,0.21799999475479126,4.409999831977984e-08,2.2600000093575545e-08,3.8199999607968493e-08,1.2000000104706032e-08,6.650000106134257e-09
1775652564.9084804,2026-04-08 13:49:24.908480,0.21799999475479126,4.409999831977984e-08,2.2600000093575545e-08,3.8100001376051296e-08,1.210000011298007e-08,6.580000100342431e-09
1775652566.970979,2026-04-08 13:49:26.970979,0.21799999475479126,4.420000010441072e-08,2.2600000093575545e-08,3.839999962451657e-08,1.2000000104706032e-08,6.660000106961661e-09
1775652569.0177507,2026-04-08 13:49:29.017751,0.21799999475479126,4.420000010441072e-08,2.2600000093575545e-08,3.7799999574872345e-08,1.2000000104706032e-08,6.600000101997239e-09
1775652571.0804372,2026-04-08 13:49:31.080437,0.21799999475479126,4.420000010441072e-08,2.2600000093575545e-08,3.790000135950322e-08,1.2000000104706032e-08,6.6400001053068536e-09
1775652573.103154,2026-04-08 13:49:33.103154,0.21799999475479126,4.409999831977984e-08,2.2600000093575545e-08,3.8100001376051296e-08,1.210000011298007e-08,6.660000106961661e-09
1775652575.1446457,2026-04-08 13:49:35.144646,0.21799999475479126,4.409999831977984e-08,2.2600000093575545e-08,3.830000139259937e-08,1.2000000104706032e-08,6.660000106961661e-09
1775652577.2050035,2026-04-08 13:49:37.205003,0.21799999475479126,4.409999831977984e-08,2.2600000093575545e-08,3.870000142569552e-08,1.2000000104706032e-08,6.590000101169835e-09
1775652579.2527013,2026-04-08 13:49:39.252701,0.21799999475479126,4.420000010441072e-08,2.2600000093575545e-08,3.839999962451657e-08,1.2000000104706032e-08,6.6400001053068536e-09
1775652581.3029811,2026-04-08 13:49:41.302981,0.21799999475479126,4.409999831977984e-08,2.2600000093575545e-08,3.790000135950322e-08,1.2000000104706032e-08,6.6400001053068536e-09
1775652583.3549538,2026-04-08 13:49:43.354954,0.21799999475479126,4.420000010441072e-08,2.2600000093575545e-08,3.8199999607968493e-08,1.210000011298007e-08,6.620000103652046e-09
1775652585.409035,2026-04-08 13:49:45.409035,0.21799999475479126,4.409999831977984e-08,2.2600000093575545e-08,3.7799999574872345e-08,1.2000000104706032e-08,6.6400001053068536e-09
1775652587.45924,2026-04-08 13:49:47.459240,0.21799999475479126,4.409999831977984e-08,2.2600000093575545e-08,3.8199999607968493e-08,1.2000000104706032e-08,6.6100001028246425e-09
1775652589.5021102,2026-04-08 13:49:49.502110,0.21799999475479126,4.409999831977984e-08,2.2600000093575545e-08,3.790000135950322e-08,1.2000000104706032e-08,6.6400001053068536e-09
1775652591.552334,2026-04-08 13:49:51.552334,0.21799999475479126,4.420000010441072e-08,2.2600000093575545e-08,3.8199999607968493e-08,1.2000000104706032e-08,6.580000100342431e-09
1775652593.613907,2026-04-08 13:49:53.613907,0.21799999475479126,4.420000010441072e-08,2.2600000093575545e-08,3.790000135950322e-08,1.2000000104706032e-08,6.6800001086164684e-09
1775652595.6618154,2026-04-08 13:49:55.661815,0.21799999475479126,4.409999831977984e-08,2.2700000101849582e-08,3.790000135950322e-08,1.2000000104706032e-08,6.650000106134257e-09
1775652597.7087767,2026-04-08 13:49:57.708777,0.21799999475479126,4.409999831977984e-08,2.2600000093575545e-08,3.770000134295515e-08,1.2000000104706032e-08,6.620000103652046e-09
1775652599.7595174,2026-04-08 13:49:59.759517,0.21799999475479126,4.420000010441072e-08,2.2600000093575545e-08,3.8199999607968493e-08,1.2000000104706032e-08,6.620000103652046e-09
1775652601.8150303,2026-04-08 13:50:01.815030,0.21799999475479126,4.420000010441072e-08,2.2700000101849582e-08,3.830000139259937e-08,1.2000000104706032e-08,6.590000101169835e-09
1775652603.876564,2026-04-08 13:50:03.876564,0.21799999475479126,4.420000010441072e-08,2.2600000093575545e-08,3.799999959142042e-08,1.2000000104706032e-08,6.63000010447945e-09
1775652605.9098678,2026-04-08 13:50:05.909868,0.21799999475479126,4.429999833632792e-08,2.2700000101849582e-08,3.830000139259937e-08,1.2000000104706032e-08,6.6100001028246425e-09
1775652607.9587612,2026-04-08 13:50:07.958761,0.21799999475479126,4.420000010441072e-08,2.2700000101849582e-08,3.7799999574872345e-08,1.2000000104706032e-08,6.650000106134257e-09
1775652610.0089006,2026-04-08 13:50:10.008901,0.21799999475479126,4.420000010441072e-08,2.2700000101849582e-08,3.799999959142042e-08,1.2000000104706032e-08,6.620000103652046e-09
1775652612.0657668,2026-04-08 13:50:12.065767,0.21799999475479126,4.420000010441072e-08,2.2700000101849582e-08,3.859999964106464e-08,1.2000000104706032e-08,6.600000101997239e-09
1775652614.1108553,2026-04-08 13:50:14.110855,0.21799999475479126,4.420000010441072e-08,2.2700000101849582e-08,3.8799999657612716e-08,1.2000000104706032e-08,6.620000103652046e-09
1775652616.1761339,2026-04-08 13:50:16.176134,0.21799999475479126,4.420000010441072e-08,2.2700000101849582e-08,3.830000139259937e-08,1.2000000104706032e-08,6.650000106134257e-09
1775652618.2363703,2026-04-08 13:50:18.236370,0.21799999475479126,4.420000010441072e-08,2.2600000093575545e-08,3.859999964106464e-08,1.2000000104706032e-08,6.650000106134257e-09
1775652620.2783704,2026-04-08 13:50:20.278370,0.21799999475479126,4.420000010441072e-08,2.2700000101849582e-08,3.839999962451657e-08,1.2000000104706032e-08,6.590000101169835e-09
1775652622.302874,2026-04-08 13:50:22.302874,0.21799999475479126,4.420000010441072e-08,2.2700000101849582e-08,3.8199999607968493e-08,1.210000011298007e-08,6.620000103652046e-09
1775652624.3648455,2026-04-08 13:50:24.364846,0.21799999475479126,4.409999831977984e-08,2.2700000101849582e-08,3.8500001409147444e-08,1.2000000104706032e-08,6.63000010447945e-09
1775652626.4100814,2026-04-08 13:50:26.410081,0.21799999475479126,4.409999831977984e-08,2.2700000101849582e-08,3.799999959142042e-08,1.2200000121254106e-08,6.670000107789065e-09
1775652628.4555845,2026-04-08 13:50:28.455585,0.21799999475479126,4.420000010441072e-08,2.2700000101849582e-08,3.8199999607968493e-08,1.2000000104706032e-08,6.660000106961661e-09
1775652630.5215995,2026-04-08 13:50:30.521600,0.21799999475479126,4.420000010441072e-08,2.2600000093575545e-08,3.799999959142042e-08,1.2200000121254106e-08,6.660000106961661e-09
1775652632.5506842,2026-04-08 13:50:32.550684,0.21799999475479126,4.420000010441072e-08,2.2700000101849582e-08,3.799999959142042e-08,1.2000000104706032e-08,6.6100001028246425e-09
1775652634.6144762,2026-04-08 13:50:34.614476,0.21799999475479126,4.420000010441072e-08,2.2700000101849582e-08,3.870000142569552e-08,1.210000011298007e-08,6.650000106134257e-09
1775652636.6478436,2026-04-08 13:50:36.647844,0.21799999475479126,4.420000010441072e-08,2.2700000101849582e-08,3.8100001376051296e-08,1.2000000104706032e-08,6.6100001028246425e-09
1775652638.7098484,2026-04-08 13:50:38.709848,0.21799999475479126,4.420000010441072e-08,2.2700000101849582e-08,3.839999962451657e-08,1.210000011298007e-08,6.580000100342431e-09
1775652640.7690969,2026-04-08 13:50:40.769097,0.21799999475479126,4.420000010441072e-08,2.2700000101849582e-08,3.8199999607968493e-08,1.2000000104706032e-08,6.650000106134257e-09
1775652642.8146422,2026-04-08 13:50:42.814642,0.21799999475479126,4.420000010441072e-08,2.2700000101849582e-08,3.830000139259937e-08,1.2000000104706032e-08,6.6400001053068536e-09
1775652644.8467407,2026-04-08 13:50:44.846741,0.21799999475479126,4.420000010441072e-08,2.2700000101849582e-08,3.8199999607968493e-08,1.210000011298007e-08,6.660000106961661e-09
1775652646.8943908,2026-04-08 13:50:46.894391,0.21799999475479126,4.420000010441072e-08,2.2700000101849582e-08,3.790000135950322e-08,1.2000000104706032e-08,6.6100001028246425e-09
1775652648.9403474,2026-04-08 13:50:48.940347,0.21799999475479126,4.420000010441072e-08,2.2700000101849582e-08,3.8199999607968493e-08,1.2000000104706032e-08,6.600000101997239e-09
1775652650.9865522,2026-04-08 13:50:50.986552,0.21799999475479126,4.420000010441072e-08,2.2700000101849582e-08,3.839999962451657e-08,1.2000000104706032e-08,6.600000101997239e-09
1775652653.0190902,2026-04-08 13:50:53.019090,0.21799999475479126,4.420000010441072e-08,2.2700000101849582e-08,3.8199999607968493e-08,1.2000000104706032e-08,6.63000010447945e-09
1775652655.081249,2026-04-08 13:50:55.081249,0.21799999475479126,4.420000010441072e-08,2.2700000101849582e-08,3.830000139259937e-08,1.2000000104706032e-08,6.650000106134257e-09
1775652657.131003,2026-04-08 13:50:57.131003,0.21799999475479126,4.409999831977984e-08,2.2700000101849582e-08,3.839999962451657e-08,1.2000000104706032e-08,6.6100001028246425e-09
1775652659.1776056,2026-04-08 13:50:59.177606,0.21799999475479126,4.420000010441072e-08,2.2700000101849582e-08,3.870000142569552e-08,1.2000000104706032e-08,6.620000103652046e-09
1775652661.240308,2026-04-08 13:51:01.240308,0.21799999475479126,4.420000010441072e-08,2.2700000101849582e-08,3.890000144224359e-08,1.2000000104706032e-08,6.600000101997239e-09
1775652663.2754364,2026-04-08 13:51:03.275436,0.21799999475479126,4.420000010441072e-08,2.2700000101849582e-08,3.770000134295515e-08,1.210000011298007e-08,6.580000100342431e-09
1775652665.3310204,2026-04-08 13:51:05.331020,0.21799999475479126,4.420000010441072e-08,2.2700000101849582e-08,3.8500001409147444e-08,1.2200000121254106e-08,6.63000010447945e-09
1775652667.381357,2026-04-08 13:51:07.381357,0.21799999475479126,4.420000010441072e-08,2.2700000101849582e-08,3.8500001409147444e-08,1.2000000104706032e-08,6.600000101997239e-09
1775652669.440701,2026-04-08 13:51:09.440701,0.21799999475479126,4.420000010441072e-08,2.2700000101849582e-08,3.8100001376051296e-08,1.210000011298007e-08,6.6100001028246425e-09
1775652671.4868033,2026-04-08 13:51:11.486803,0.21799999475479126,4.420000010441072e-08,2.2700000101849582e-08,3.790000135950322e-08,1.2000000104706032e-08,6.620000103652046e-09
1775652673.5235746,2026-04-08 13:51:13.523575,0.21799999475479126,4.420000010441072e-08,2.2700000101849582e-08,3.8100001376051296e-08,1.2000000104706032e-08,6.6400001053068536e-09
1775652675.5694172,2026-04-08 13:51:15.569417,0.21799999475479126,4.420000010441072e-08,2.2700000101849582e-08,3.799999959142042e-08,1.210000011298007e-08,6.600000101997239e-09
1775652677.6163645,2026-04-08 13:51:17.616364,0.21799999475479126,4.420000010441072e-08,2.2700000101849582e-08,3.750000132640707e-08,1.2000000104706032e-08,6.600000101997239e-09
1775652679.646223,2026-04-08 13:51:19.646223,0.21799999475479126,4.420000010441072e-08,2.2700000101849582e-08,3.8199999607968493e-08,1.2000000104706032e-08,6.6800001086164684e-09
1775652681.6934845,2026-04-08 13:51:21.693485,0.21799999475479126,4.420000010441072e-08,2.2700000101849582e-08,3.8100001376051296e-08,1.2000000104706032e-08,6.6400001053068536e-09
1775652683.7566648,2026-04-08 13:51:23.756665,0.21799999475479126,4.420000010441072e-08,2.2700000101849582e-08,3.870000142569552e-08,1.210000011298007e-08,6.660000106961661e-09
1775652685.8038883,2026-04-08 13:51:25.803888,0.21799999475479126,4.409999831977984e-08,2.2700000101849582e-08,3.870000142569552e-08,1.2000000104706032e-08,6.6100001028246425e-09
1775652687.8353353,2026-04-08 13:51:27.835335,0.21799999475479126,4.420000010441072e-08,2.2700000101849582e-08,3.8100001376051296e-08,1.210000011298007e-08,6.7100001110986796e-09
1775652689.8808322,2026-04-08 13:51:29.880832,0.21799999475479126,4.4400000120958794e-08,2.2700000101849582e-08,3.830000139259937e-08,1.2000000104706032e-08,6.620000103652046e-09
1775652691.9269533,2026-04-08 13:51:31.926953,0.21799999475479126,4.420000010441072e-08,2.2700000101849582e-08,3.799999959142042e-08,1.2000000104706032e-08,6.6100001028246425e-09
1775652693.9713488,2026-04-08 13:51:33.971349,0.21799999475479126,4.420000010441072e-08,2.2700000101849582e-08,3.770000134295515e-08,1.2000000104706032e-08,6.650000106134257e-09
1775652696.0219533,2026-04-08 13:51:36.021953,0.21799999475479126,4.420000010441072e-08,2.2700000101849582e-08,3.790000135950322e-08,1.2000000104706032e-08,6.6400001053068536e-09
1775652698.0815473,2026-04-08 13:51:38.081547,0.21799999475479126,4.420000010441072e-08,2.2700000101849582e-08,3.8199999607968493e-08,1.2000000104706032e-08,6.650000106134257e-09
1775652700.1282372,2026-04-08 13:51:40.128237,0.21799999475479126,4.420000010441072e-08,2.2700000101849582e-08,3.859999964106464e-08,1.210000011298007e-08,6.63000010447945e-09
1775652702.1898062,2026-04-08 13:51:42.189806,0.21799999475479126,4.420000010441072e-08,2.2700000101849582e-08,3.7799999574872345e-08,1.210000011298007e-08,6.6100001028246425e-09
1775652704.2550302,2026-04-08 13:51:44.255030,0.21799999475479126,4.420000010441072e-08,2.2700000101849582e-08,3.839999962451657e-08,1.2000000104706032e-08,6.650000106134257e-09
1775652706.315929,2026-04-08 13:51:46.315929,0.21799999475479126,4.429999833632792e-08,2.2700000101849582e-08,3.870000142569552e-08,1.210000011298007e-08,6.650000106134257e-09
1775652708.347598,2026-04-08 13:51:48.347598,0.21799999475479126,4.420000010441072e-08,2.2700000101849582e-08,3.799999959142042e-08,1.2000000104706032e-08,6.6400001053068536e-09
1775652710.38412,2026-04-08 13:51:50.384120,0.21799999475479126,4.420000010441072e-08,2.2700000101849582e-08,3.8100001376051296e-08,1.2000000104706032e-08,6.580000100342431e-09
1775652712.4400544,2026-04-08 13:51:52.440054,0.21799999475479126,4.429999833632792e-08,2.2700000101849582e-08,3.8500001409147444e-08,1.2000000104706032e-08,6.660000106961661e-09
1775652714.5045505,2026-04-08 13:51:54.504550,0.21799999475479126,4.429999833632792e-08,2.2700000101849582e-08,3.839999962451657e-08,1.2000000104706032e-08,6.650000106134257e-09
1775652716.5494206,2026-04-08 13:51:56.549421,0.21799999475479126,4.429999833632792e-08,2.2700000101849582e-08,3.859999964106464e-08,1.2000000104706032e-08,6.63000010447945e-09
1775652718.5966516,2026-04-08 13:51:58.596652,0.21799999475479126,4.429999833632792e-08,2.2700000101849582e-08,3.8500001409147444e-08,1.2000000104706032e-08,6.620000103652046e-09
1775652720.659146,2026-04-08 13:52:00.659146,0.21799999475479126,4.420000010441072e-08,2.2700000101849582e-08,3.750000132640707e-08,1.2300000129528144e-08,6.63000010447945e-09
1775652722.706534,2026-04-08 13:52:02.706534,0.21799999475479126,4.420000010441072e-08,2.2700000101849582e-08,3.8500001409147444e-08,1.2000000104706032e-08,6.6100001028246425e-09
1775652724.7548194,2026-04-08 13:52:04.754819,0.21799999475479126,4.420000010441072e-08,2.2700000101849582e-08,3.8500001409147444e-08,1.2000000104706032e-08,6.63000010447945e-09
1775652726.8143778,2026-04-08 13:52:06.814378,0.21799999475479126,4.420000010441072e-08,2.2700000101849582e-08,3.790000135950322e-08,1.210000011298007e-08,6.620000103652046e-09
1775652728.863775,2026-04-08 13:52:08.863775,0.21799999475479126,4.420000010441072e-08,2.2700000101849582e-08,3.859999964106464e-08,1.210000011298007e-08,6.6100001028246425e-09
1775652730.9238794,2026-04-08 13:52:10.923879,0.21799999475479126,4.429999833632792e-08,2.2700000101849582e-08,3.799999959142042e-08,1.2000000104706032e-08,6.620000103652046e-09
1775652732.9903872,2026-04-08 13:52:12.990387,0.21799999475479126,4.429999833632792e-08,2.2700000101849582e-08,3.8199999607968493e-08,1.2600000154350255e-08,6.6100001028246425e-09
1775652735.053022,2026-04-08 13:52:15.053022,0.21799999475479126,4.420000010441072e-08,2.2700000101849582e-08,3.8500001409147444e-08,1.2000000104706032e-08,6.63000010447945e-09
1775652737.096266,2026-04-08 13:52:17.096266,0.21799999475479126,4.429999833632792e-08,2.2700000101849582e-08,3.8199999607968493e-08,1.210000011298007e-08,6.6800001086164684e-09
1775652739.1448128,2026-04-08 13:52:19.144813,0.21799999475479126,4.420000010441072e-08,2.2700000101849582e-08,3.899999967416079e-08,1.210000011298007e-08,6.670000107789065e-09
1775652741.1944528,2026-04-08 13:52:21.194453,0.21799999475479126,4.420000010441072e-08,2.2700000101849582e-08,3.799999959142042e-08,1.2000000104706032e-08,6.670000107789065e-09
1775652743.237167,2026-04-08 13:52:23.237167,0.21799999475479126,4.420000010441072e-08,2.2700000101849582e-08,3.8500001409147444e-08,1.210000011298007e-08,6.650000106134257e-09
1775652745.3020942,2026-04-08 13:52:25.302094,0.21799999475479126,4.420000010441072e-08,2.2700000101849582e-08,3.8100001376051296e-08,1.2000000104706032e-08,6.6400001053068536e-09
1775652747.3613212,2026-04-08 13:52:27.361321,0.21799999475479126,4.429999833632792e-08,2.2700000101849582e-08,3.790000135950322e-08,1.210000011298007e-08,6.63000010447945e-09
1775652749.4082983,2026-04-08 13:52:29.408298,0.21799999475479126,4.420000010441072e-08,2.2700000101849582e-08,3.839999962451657e-08,1.210000011298007e-08,6.600000101997239e-09
1775652751.4580827,2026-04-08 13:52:31.458083,0.21799999475479126,4.429999833632792e-08,2.2700000101849582e-08,3.790000135950322e-08,1.210000011298007e-08,6.650000106134257e-09
1775652753.510051,2026-04-08 13:52:33.510051,0.21799999475479126,4.429999833632792e-08,2.2700000101849582e-08,3.839999962451657e-08,1.2000000104706032e-08,6.660000106961661e-09
1775652755.5525916,2026-04-08 13:52:35.552592,0.21799999475479126,4.4400000120958794e-08,2.2700000101849582e-08,3.830000139259937e-08,1.210000011298007e-08,6.6800001086164684e-09
1775652757.6149116,2026-04-08 13:52:37.614912,0.21799999475479126,4.429999833632792e-08,2.2700000101849582e-08,3.799999959142042e-08,1.210000011298007e-08,6.620000103652046e-09
1775652759.6598651,2026-04-08 13:52:39.659865,0.21799999475479126,4.420000010441072e-08,2.2700000101849582e-08,3.7799999574872345e-08,1.2000000104706032e-08,6.63000010447945e-09
1775652761.7210999,2026-04-08 13:52:41.721100,0.21799999475479126,4.429999833632792e-08,2.2700000101849582e-08,3.799999959142042e-08,1.210000011298007e-08,6.620000103652046e-09
1775652763.7789469,2026-04-08 13:52:43.778947,0.21799999475479126,4.420000010441072e-08,2.2700000101849582e-08,3.8500001409147444e-08,1.210000011298007e-08,6.63000010447945e-09
1775652765.8456528,2026-04-08 13:52:45.845653,0.21799999475479126,4.429999833632792e-08,2.2700000101849582e-08,3.859999964106464e-08,1.210000011298007e-08,6.670000107789065e-09
1775652767.9114895,2026-04-08 13:52:47.911489,0.21799999475479126,4.420000010441072e-08,2.2700000101849582e-08,3.830000139259937e-08,1.210000011298007e-08,6.6400001053068536e-09
1775652769.9430168,2026-04-08 13:52:49.943017,0.21799999475479126,4.420000010441072e-08,2.2700000101849582e-08,3.8799999657612716e-08,1.2200000121254106e-08,6.63000010447945e-09
1775652772.0028837,2026-04-08 13:52:52.002884,0.21799999475479126,4.420000010441072e-08,2.2700000101849582e-08,3.790000135950322e-08,1.210000011298007e-08,6.600000101997239e-09
1775652774.086146,2026-04-08 13:52:54.086146,0.21799999475479126,4.4400000120958794e-08,2.2700000101849582e-08,3.8500001409147444e-08,1.210000011298007e-08,6.660000106961661e-09
1775652776.130104,2026-04-08 13:52:56.130104,0.21799999475479126,4.429999833632792e-08,2.2700000101849582e-08,3.750000132640707e-08,1.2000000104706032e-08,6.660000106961661e-09
1775652778.1783488,2026-04-08 13:52:58.178349,0.21799999475479126,4.4400000120958794e-08,2.2700000101849582e-08,3.799999959142042e-08,1.210000011298007e-08,6.670000107789065e-09
1775652780.2282,2026-04-08 13:53:00.228200,0.21799999475479126,4.420000010441072e-08,2.2700000101849582e-08,3.8500001409147444e-08,1.210000011298007e-08,6.6800001086164684e-09
1775652782.301189,2026-04-08 13:53:02.301189,0.21799999475479126,4.420000010441072e-08,2.2700000101849582e-08,3.799999959142042e-08,1.2000000104706032e-08,6.6800001086164684e-09
1775652784.314604,2026-04-08 13:53:04.314604,0.21799999475479126,4.429999833632792e-08,2.2700000101849582e-08,3.859999964106464e-08,1.2000000104706032e-08,6.650000106134257e-09
1775652786.3605404,2026-04-08 13:53:06.360540,0.21799999475479126,4.429999833632792e-08,2.2700000101849582e-08,3.9100001458791667e-08,1.210000011298007e-08,6.6800001086164684e-09
1775652788.4095242,2026-04-08 13:53:08.409524,0.21799999475479126,4.429999833632792e-08,2.2700000101849582e-08,3.859999964106464e-08,1.210000011298007e-08,6.6800001086164684e-09
1775652790.4508,2026-04-08 13:53:10.450800,0.21799999475479126,4.4400000120958794e-08,2.2700000101849582e-08,3.750000132640707e-08,1.2200000121254106e-08,6.690000109443872e-09
1775652792.522487,2026-04-08 13:53:12.522487,0.21799999475479126,4.4400000120958794e-08,2.2700000101849582e-08,3.890000144224359e-08,1.2000000104706032e-08,6.650000106134257e-09
1775652794.5649006,2026-04-08 13:53:14.564901,0.21799999475479126,4.420000010441072e-08,2.2700000101849582e-08,3.799999959142042e-08,1.210000011298007e-08,6.670000107789065e-09
1775652796.631846,2026-04-08 13:53:16.631846,0.21799999475479126,4.420000010441072e-08,2.2700000101849582e-08,3.839999962451657e-08,1.210000011298007e-08,6.660000106961661e-09
1775652798.662522,2026-04-08 13:53:18.662522,0.21799999475479126,4.429999833632792e-08,2.2700000101849582e-08,3.859999964106464e-08,1.210000011298007e-08,6.670000107789065e-09
1775652800.7113874,2026-04-08 13:53:20.711387,0.21799999475479126,4.429999833632792e-08,2.2700000101849582e-08,3.839999962451657e-08,1.210000011298007e-08,6.670000107789065e-09
1775652802.7513478,2026-04-08 13:53:22.751348,0.21799999475479126,4.429999833632792e-08,2.2700000101849582e-08,3.7799999574872345e-08,1.210000011298007e-08,6.600000101997239e-09
1775652804.8451612,2026-04-08 13:53:24.845161,0.21799999475479126,4.429999833632792e-08,2.2700000101849582e-08,3.859999964106464e-08,1.2000000104706032e-08,6.6800001086164684e-09
1775652806.8638585,2026-04-08 13:53:26.863858,0.21799999475479126,4.429999833632792e-08,2.2700000101849582e-08,3.830000139259937e-08,1.210000011298007e-08,6.650000106134257e-09
1775652808.924256,2026-04-08 13:53:28.924256,0.21799999475479126,4.429999833632792e-08,2.2700000101849582e-08,3.8500001409147444e-08,1.2000000104706032e-08,6.690000109443872e-09
1775652810.9769862,2026-04-08 13:53:30.976986,0.21799999475479126,4.4400000120958794e-08,2.2700000101849582e-08,3.870000142569552e-08,1.210000011298007e-08,6.63000010447945e-09
1775652813.0222147,2026-04-08 13:53:33.022215,0.21799999475479126,4.4400000120958794e-08,2.2700000101849582e-08,3.8100001376051296e-08,1.2000000104706032e-08,6.600000101997239e-09
1775652815.0520804,2026-04-08 13:53:35.052080,0.21799999475479126,4.429999833632792e-08,2.2700000101849582e-08,3.839999962451657e-08,1.210000011298007e-08,6.650000106134257e-09
1775652817.0968637,2026-04-08 13:53:37.096864,0.21799999475479126,4.429999833632792e-08,2.2700000101849582e-08,3.8100001376051296e-08,1.210000011298007e-08,6.660000106961661e-09
1775652819.1422343,2026-04-08 13:53:39.142234,0.21799999475479126,4.420000010441072e-08,2.2700000101849582e-08,3.8100001376051296e-08,1.2000000104706032e-08,6.660000106961661e-09
1775652821.2043955,2026-04-08 13:53:41.204396,0.21799999475479126,4.429999833632792e-08,2.2700000101849582e-08,3.7799999574872345e-08,1.210000011298007e-08,6.660000106961661e-09
1775652823.2522385,2026-04-08 13:53:43.252239,0.21799999475479126,4.429999833632792e-08,2.2700000101849582e-08,3.859999964106464e-08,1.210000011298007e-08,6.6400001053068536e-09
1775652825.3176877,2026-04-08 13:53:45.317688,0.21799999475479126,4.4400000120958794e-08,2.2700000101849582e-08,3.8100001376051296e-08,1.210000011298007e-08,6.670000107789065e-09
1775652827.3672943,2026-04-08 13:53:47.367294,0.21799999475479126,4.429999833632792e-08,2.2700000101849582e-08,3.830000139259937e-08,1.210000011298007e-08,6.620000103652046e-09
1775652829.4271667,2026-04-08 13:53:49.427167,0.21799999475479126,4.429999833632792e-08,2.2700000101849582e-08,3.7799999574872345e-08,1.2000000104706032e-08,6.670000107789065e-09
1775652831.470845,2026-04-08 13:53:51.470845,0.21799999475479126,4.4400000120958794e-08,2.2700000101849582e-08,3.8500001409147444e-08,1.210000011298007e-08,6.6100001028246425e-09
1775652833.5415187,2026-04-08 13:53:53.541519,0.21799999475479126,4.4400000120958794e-08,2.2700000101849582e-08,3.859999964106464e-08,1.210000011298007e-08,6.660000106961661e-09
1775652835.5646605,2026-04-08 13:53:55.564661,0.21799999475479126,4.429999833632792e-08,2.2700000101849582e-08,3.8199999607968493e-08,1.210000011298007e-08,6.6800001086164684e-09
1775652837.6193917,2026-04-08 13:53:57.619392,0.21799999475479126,4.429999833632792e-08,2.2700000101849582e-08,3.8199999607968493e-08,1.210000011298007e-08,6.690000109443872e-09
1775652839.6784124,2026-04-08 13:53:59.678412,0.21799999475479126,4.429999833632792e-08,2.2700000101849582e-08,3.839999962451657e-08,1.210000011298007e-08,6.6100001028246425e-09
1775652841.7206807,2026-04-08 13:54:01.720681,0.21799999475479126,4.4400000120958794e-08,2.280000011012362e-08,3.830000139259937e-08,1.210000011298007e-08,6.660000106961661e-09
1775652843.7551973,2026-04-08 13:54:03.755197,0.21799999475479126,4.429999833632792e-08,2.280000011012362e-08,3.870000142569552e-08,1.210000011298007e-08,6.63000010447945e-09
1775652845.818223,2026-04-08 13:54:05.818223,0.21799999475479126,4.429999833632792e-08,2.280000011012362e-08,3.8500001409147444e-08,1.210000011298007e-08,6.620000103652046e-09
1775652847.847189,2026-04-08 13:54:07.847189,0.21799999475479126,4.4400000120958794e-08,2.2700000101849582e-08,3.830000139259937e-08,1.210000011298007e-08,6.650000106134257e-09
1775652849.8954873,2026-04-08 13:54:09.895487,0.21799999475479126,4.4400000120958794e-08,2.2700000101849582e-08,3.759999955832427e-08,1.210000011298007e-08,6.7100001110986796e-09
1775652851.9427102,2026-04-08 13:54:11.942710,0.21799999475479126,4.420000010441072e-08,2.280000011012362e-08,3.859999964106464e-08,1.210000011298007e-08,6.6100001028246425e-09
1775652854.0029445,2026-04-08 13:54:14.002944,0.21799999475479126,4.429999833632792e-08,2.2700000101849582e-08,3.7799999574872345e-08,1.210000011298007e-08,6.7100001110986796e-09
1775652856.0671365,2026-04-08 13:54:16.067137,0.21799999475479126,4.4400000120958794e-08,2.280000011012362e-08,3.790000135950322e-08,1.210000011298007e-08,5.320000084907406e-08
1775652858.1156058,2026-04-08 13:54:18.115606,0.21799999475479126,4.429999833632792e-08,2.280000011012362e-08,3.8500001409147444e-08,1.210000011298007e-08,6.660000106961661e-09
1775652860.1625347,2026-04-08 13:54:20.162535,0.21799999475479126,4.4400000120958794e-08,2.2700000101849582e-08,3.8799999657612716e-08,1.210000011298007e-08,6.63000010447945e-09
1775652862.192477,2026-04-08 13:54:22.192477,0.21799999475479126,4.4400000120958794e-08,2.280000011012362e-08,3.799999959142042e-08,1.2000000104706032e-08,6.63000010447945e-09
1775652864.2317452,2026-04-08 13:54:24.231745,0.21799999475479126,4.429999833632792e-08,2.280000011012362e-08,3.8100001376051296e-08,1.210000011298007e-08,6.660000106961661e-09
1775652866.2825613,2026-04-08 13:54:26.282561,0.21799999475479126,4.429999833632792e-08,2.280000011012362e-08,3.8100001376051296e-08,1.210000011298007e-08,6.6800001086164684e-09
1775652868.3340619,2026-04-08 13:54:28.334062,0.21799999475479126,4.4400000120958794e-08,2.280000011012362e-08,3.870000142569552e-08,1.2000000104706032e-08,6.650000106134257e-09
1775652870.3947935,2026-04-08 13:54:30.394794,0.21799999475479126,4.4400000120958794e-08,2.2700000101849582e-08,3.8500001409147444e-08,1.210000011298007e-08,6.650000106134257e-09
1775652872.4401677,2026-04-08 13:54:32.440168,0.21799999475479126,4.4400000120958794e-08,2.280000011012362e-08,3.8500001409147444e-08,1.210000011298007e-08,6.450000000768341e-08
1775652874.493097,2026-04-08 13:54:34.493097,0.21799999475479126,4.4400000120958794e-08,2.280000011012362e-08,3.8100001376051296e-08,1.2000000104706032e-08,6.700000110271276e-09
1775652876.5334332,2026-04-08 13:54:36.533433,0.21799999475479126,4.4400000120958794e-08,2.280000011012362e-08,3.8500001409147444e-08,1.210000011298007e-08,6.6800001086164684e-09
1775652878.5977569,2026-04-08 13:54:38.597757,0.21799999475479126,4.4400000120958794e-08,2.2700000101849582e-08,3.799999959142042e-08,1.210000011298007e-08,6.590000101169835e-09
1775652880.6447134,2026-04-08 13:54:40.644713,0.21799999475479126,4.4400000120958794e-08,2.280000011012362e-08,3.8500001409147444e-08,1.210000011298007e-08,6.6400001053068536e-09
1775652882.6786199,2026-04-08 13:54:42.678620,0.21799999475479126,4.429999833632792e-08,2.2700000101849582e-08,3.859999964106464e-08,1.210000011298007e-08,6.63000010447945e-09
1775652884.7344978,2026-04-08 13:54:44.734498,0.21799999475479126,4.4400000120958794e-08,2.280000011012362e-08,3.8199999607968493e-08,1.210000011298007e-08,6.660000106961661e-09
1775652886.7828135,2026-04-08 13:54:46.782814,0.21799999475479126,4.4400000120958794e-08,2.280000011012362e-08,3.8100001376051296e-08,1.210000011298007e-08,6.660000106961661e-09
1775652888.8356566,2026-04-08 13:54:48.835657,0.21799999475479126,4.429999833632792e-08,2.280000011012362e-08,3.870000142569552e-08,1.210000011298007e-08,6.6100001028246425e-09
1775652890.8944535,2026-04-08 13:54:50.894454,0.21799999475479126,4.4400000120958794e-08,2.2700000101849582e-08,3.8500001409147444e-08,1.2000000104706032e-08,6.650000106134257e-09
1775652892.9567454,2026-04-08 13:54:52.956745,0.21799999475479126,4.429999833632792e-08,2.280000011012362e-08,3.8199999607968493e-08,1.210000011298007e-08,6.660000106961661e-09
1775652895.018591,2026-04-08 13:54:55.018591,0.21799999475479126,4.4400000120958794e-08,2.280000011012362e-08,3.790000135950322e-08,1.210000011298007e-08,6.660000106961661e-09
1775652897.066736,2026-04-08 13:54:57.066736,0.21799999475479126,4.4400000120958794e-08,2.280000011012362e-08,3.799999959142042e-08,1.210000011298007e-08,6.670000107789065e-09
1775652899.116236,2026-04-08 13:54:59.116236,0.21799999475479126,4.4400000120958794e-08,2.280000011012362e-08,3.770000134295515e-08,1.210000011298007e-08,6.670000107789065e-09
1775652901.165765,2026-04-08 13:55:01.165765,0.21799999475479126,4.4400000120958794e-08,2.280000011012362e-08,3.8100001376051296e-08,1.210000011298007e-08,6.6800001086164684e-09
1775652903.2053647,2026-04-08 13:55:03.205365,0.21799999475479126,4.4400000120958794e-08,2.280000011012362e-08,3.859999964106464e-08,1.210000011298007e-08,6.6100001028246425e-09
1775652905.2518928,2026-04-08 13:55:05.251893,0.21799999475479126,4.429999833632792e-08,2.280000011012362e-08,3.830000139259937e-08,1.210000011298007e-08,6.670000107789065e-09
1775652907.2995389,2026-04-08 13:55:07.299539,0.21799999475479126,4.4400000120958794e-08,2.280000011012362e-08,3.839999962451657e-08,1.210000011298007e-08,6.63000010447945e-09
1775652909.3617282,2026-04-08 13:55:09.361728,0.21799999475479126,4.4400000120958794e-08,2.280000011012362e-08,3.8799999657612716e-08,1.210000011298007e-08,6.6800001086164684e-09
1775652911.4022534,2026-04-08 13:55:11.402253,0.21799999475479126,4.4400000120958794e-08,2.280000011012362e-08,3.799999959142042e-08,1.210000011298007e-08,6.6400001053068536e-09
1775652913.474933,2026-04-08 13:55:13.474933,0.21799999475479126,4.4400000120958794e-08,2.280000011012362e-08,3.7799999574872345e-08,1.2000000104706032e-08,6.6400001053068536e-09
1775652915.5392869,2026-04-08 13:55:15.539287,0.21799999475479126,4.4400000120958794e-08,2.280000011012362e-08,3.899999967416079e-08,1.210000011298007e-08,6.600000101997239e-09
1775652917.583426,2026-04-08 13:55:17.583426,0.21799999475479126,4.449999835287599e-08,2.280000011012362e-08,3.859999964106464e-08,1.210000011298007e-08,6.6800001086164684e-09
1775652919.6444561,2026-04-08 13:55:19.644456,0.21799999475479126,4.4400000120958794e-08,2.280000011012362e-08,3.8199999607968493e-08,1.210000011298007e-08,6.650000106134257e-09
1775652921.6900914,2026-04-08 13:55:21.690091,0.21799999475479126,4.4400000120958794e-08,2.280000011012362e-08,3.8199999607968493e-08,1.2200000121254106e-08,6.650000106134257e-09
1775652923.7536974,2026-04-08 13:55:23.753697,0.21799999475479126,4.4400000120958794e-08,2.280000011012362e-08,3.870000142569552e-08,1.210000011298007e-08,6.6400001053068536e-09
1775652925.7829173,2026-04-08 13:55:25.782917,0.21799999475479126,4.4400000120958794e-08,2.280000011012362e-08,3.7799999574872345e-08,1.210000011298007e-08,6.660000106961661e-09
1775652927.845692,2026-04-08 13:55:27.845692,0.21799999475479126,4.4400000120958794e-08,2.280000011012362e-08,3.830000139259937e-08,1.210000011298007e-08,6.660000106961661e-09
1775652929.8764405,2026-04-08 13:55:29.876441,0.21799999475479126,4.4400000120958794e-08,2.280000011012362e-08,3.839999962451657e-08,1.210000011298007e-08,6.670000107789065e-09
1775652931.9484653,2026-04-08 13:55:31.948465,0.21799999475479126,4.4400000120958794e-08,2.280000011012362e-08,3.9199999690708864e-08,1.210000011298007e-08,6.650000106134257e-09
1775652934.005034,2026-04-08 13:55:34.005034,0.21799999475479126,4.4400000120958794e-08,2.280000011012362e-08,3.830000139259937e-08,1.210000011298007e-08,6.6800001086164684e-09
1775652936.0504072,2026-04-08 13:55:36.050407,0.21799999475479126,4.4400000120958794e-08,2.280000011012362e-08,3.8500001409147444e-08,1.210000011298007e-08,6.660000106961661e-09
1775652938.0974977,2026-04-08 13:55:38.097498,0.21799999475479126,4.4400000120958794e-08,2.280000011012362e-08,3.8500001409147444e-08,1.2000000104706032e-08,6.660000106961661e-09
1775652940.1440864,2026-04-08 13:55:40.144086,0.21799999475479126,4.449999835287599e-08,2.280000011012362e-08,3.799999959142042e-08,1.210000011298007e-08,6.6800001086164684e-09
1775652942.221166,2026-04-08 13:55:42.221166,0.21799999475479126,4.4400000120958794e-08,2.280000011012362e-08,3.8100001376051296e-08,1.2000000104706032e-08,6.6800001086164684e-09
1775652944.270528,2026-04-08 13:55:44.270528,0.21799999475479126,4.4400000120958794e-08,2.280000011012362e-08,3.870000142569552e-08,1.210000011298007e-08,6.63000010447945e-09
1775652946.347633,2026-04-08 13:55:46.347633,0.21799999475479126,4.4400000120958794e-08,2.280000011012362e-08,3.8199999607968493e-08,1.210000011298007e-08,6.660000106961661e-09
1775652948.3953993,2026-04-08 13:55:48.395399,0.21799999475479126,4.4400000120958794e-08,2.280000011012362e-08,3.8199999607968493e-08,1.2000000104706032e-08,6.6400001053068536e-09
1775652950.40789,2026-04-08 13:55:50.407890,0.21799999475479126,4.4400000120958794e-08,2.280000011012362e-08,3.9100001458791667e-08,1.210000011298007e-08,6.690000109443872e-09
1775652952.4562316,2026-04-08 13:55:52.456232,0.21799999475479126,4.4400000120958794e-08,2.280000011012362e-08,3.8199999607968493e-08,1.210000011298007e-08,6.6800001086164684e-09
1775652954.5060906,2026-04-08 13:55:54.506091,0.21799999475479126,4.4400000120958794e-08,2.280000011012362e-08,3.7799999574872345e-08,1.210000011298007e-08,6.690000109443872e-09
1775652956.5528395,2026-04-08 13:55:56.552840,0.21799999475479126,4.4400000120958794e-08,2.280000011012362e-08,3.830000139259937e-08,1.210000011298007e-08,6.670000107789065e-09
1775652958.5972328,2026-04-08 13:55:58.597233,0.21799999475479126,4.449999835287599e-08,2.280000011012362e-08,3.8199999607968493e-08,1.2000000104706032e-08,6.6800001086164684e-09
1775652960.6464467,2026-04-08 13:56:00.646447,0.21799999475479126,4.449999835287599e-08,2.280000011012362e-08,3.839999962451657e-08,1.2200000121254106e-08,6.6400001053068536e-09
1775652962.69211,2026-04-08 13:56:02.692110,0.21799999475479126,4.4400000120958794e-08,2.280000011012362e-08,3.8500001409147444e-08,1.2200000121254106e-08,6.620000103652046e-09
1775652964.7291415,2026-04-08 13:56:04.729141,0.21799999475479126,4.4400000120958794e-08,2.280000011012362e-08,3.8500001409147444e-08,1.2000000104706032e-08,6.6800001086164684e-09
1775652966.7671864,2026-04-08 13:56:06.767186,0.21799999475479126,4.4400000120958794e-08,2.280000011012362e-08,3.799999959142042e-08,1.210000011298007e-08,6.660000106961661e-09
1775652968.8148167,2026-04-08 13:56:08.814817,0.21799999475479126,4.4400000120958794e-08,2.280000011012362e-08,3.8100001376051296e-08,1.210000011298007e-08,6.670000107789065e-09
1775652970.8659997,2026-04-08 13:56:10.866000,0.21799999475479126,4.4400000120958794e-08,2.280000011012362e-08,3.9100001458791667e-08,1.210000011298007e-08,6.670000107789065e-09
1775652972.908447,2026-04-08 13:56:12.908447,0.21799999475479126,4.4400000120958794e-08,2.280000011012362e-08,3.839999962451657e-08,1.210000011298007e-08,6.660000106961661e-09
1775652974.9571898,2026-04-08 13:56:14.957190,0.21799999475479126,4.4400000120958794e-08,2.280000011012362e-08,3.870000142569552e-08,1.210000011298007e-08,6.650000106134257e-09
1775652976.9879405,2026-04-08 13:56:16.987941,0.21799999475479126,4.449999835287599e-08,2.280000011012362e-08,3.899999967416079e-08,1.210000011298007e-08,6.650000106134257e-09
1775652979.0661204,2026-04-08 13:56:19.066120,0.21799999475479126,4.449999835287599e-08,2.280000011012362e-08,3.870000142569552e-08,1.210000011298007e-08,6.670000107789065e-09
1775652981.1160693,2026-04-08 13:56:21.116069,0.21799999475479126,4.4400000120958794e-08,2.280000011012362e-08,3.8799999657612716e-08,1.210000011298007e-08,6.6400001053068536e-09
1775652983.1601799,2026-04-08 13:56:23.160180,0.21799999475479126,4.449999835287599e-08,2.280000011012362e-08,3.8199999607968493e-08,1.2000000104706032e-08,6.650000106134257e-09
1775652985.225385,2026-04-08 13:56:25.225385,0.21799999475479126,4.449999835287599e-08,2.280000011012362e-08,3.7799999574872345e-08,1.210000011298007e-08,6.650000106134257e-09
1775652987.2849298,2026-04-08 13:56:27.284930,0.21799999475479126,4.449999835287599e-08,2.280000011012362e-08,3.839999962451657e-08,1.2200000121254106e-08,6.660000106961661e-09
1775652989.3498247,2026-04-08 13:56:29.349825,0.21799999475479126,4.449999835287599e-08,2.280000011012362e-08,3.890000144224359e-08,1.210000011298007e-08,6.660000106961661e-09
1775652991.4083643,2026-04-08 13:56:31.408364,0.21799999475479126,4.449999835287599e-08,2.280000011012362e-08,3.799999959142042e-08,1.210000011298007e-08,6.700000110271276e-09
1775652993.45747,2026-04-08 13:56:33.457470,0.21799999475479126,4.4400000120958794e-08,2.280000011012362e-08,3.930000147533974e-08,1.210000011298007e-08,6.670000107789065e-09
1775652995.4904027,2026-04-08 13:56:35.490403,0.21799999475479126,4.449999835287599e-08,2.280000011012362e-08,3.859999964106464e-08,1.210000011298007e-08,6.7100001110986796e-09
1775652997.549845,2026-04-08 13:56:37.549845,0.21799999475479126,4.449999835287599e-08,2.280000011012362e-08,3.830000139259937e-08,1.210000011298007e-08,6.6800001086164684e-09
1775652999.597894,2026-04-08 13:56:39.597894,0.21799999475479126,4.449999835287599e-08,2.280000011012362e-08,3.8500001409147444e-08,1.210000011298007e-08,6.650000106134257e-09
1775653001.677332,2026-04-08 13:56:41.677332,0.21799999475479126,4.449999835287599e-08,2.280000011012362e-08,3.899999967416079e-08,1.210000011298007e-08,6.660000106961661e-09
1775653003.7367547,2026-04-08 13:56:43.736755,0.21799999475479126,4.449999835287599e-08,2.280000011012362e-08,3.8199999607968493e-08,1.210000011298007e-08,6.6400001053068536e-09
1775653005.7842906,2026-04-08 13:56:45.784291,0.21799999475479126,4.4400000120958794e-08,2.280000011012362e-08,3.8500001409147444e-08,1.210000011298007e-08,6.650000106134257e-09
1775653007.8475466,2026-04-08 13:56:47.847547,0.21799999475479126,4.4400000120958794e-08,2.280000011012362e-08,3.899999967416079e-08,1.210000011298007e-08,6.650000106134257e-09
1775653009.9108603,2026-04-08 13:56:49.910860,0.21799999475479126,4.4400000120958794e-08,2.280000011012362e-08,3.8199999607968493e-08,1.210000011298007e-08,6.660000106961661e-09
1775653011.9699368,2026-04-08 13:56:51.969937,0.21799999475479126,4.4400000120958794e-08,2.280000011012362e-08,3.839999962451657e-08,1.2200000121254106e-08,6.660000106961661e-09
1775653014.021051,2026-04-08 13:56:54.021051,0.21799999475479126,4.4400000120958794e-08,2.280000011012362e-08,3.8199999607968493e-08,1.210000011298007e-08,6.670000107789065e-09
1775653016.0675988,2026-04-08 13:56:56.067599,0.21799999475479126,4.4400000120958794e-08,2.280000011012362e-08,3.839999962451657e-08,1.210000011298007e-08,6.7100001110986796e-09
1775653018.1293585,2026-04-08 13:56:58.129359,0.21799999475479126,4.4400000120958794e-08,2.280000011012362e-08,3.899999967416079e-08,1.210000011298007e-08,6.6100001028246425e-09
1775653020.1915653,2026-04-08 13:57:00.191565,0.21799999475479126,4.4400000120958794e-08,2.280000011012362e-08,3.870000142569552e-08,1.210000011298007e-08,6.670000107789065e-09
1775653022.2560117,2026-04-08 13:57:02.256012,0.21799999475479126,4.449999835287599e-08,2.280000011012362e-08,3.859999964106464e-08,1.210000011298007e-08,6.660000106961661e-09
1775653024.298244,2026-04-08 13:57:04.298244,0.21799999475479126,4.449999835287599e-08,2.280000011012362e-08,3.830000139259937e-08,1.2700000162624292e-08,6.660000106961661e-09
1775653026.3497202,2026-04-08 13:57:06.349720,0.21799999475479126,4.449999835287599e-08,2.280000011012362e-08,3.7799999574872345e-08,1.210000011298007e-08,6.6100001028246425e-09
1775653028.377496,2026-04-08 13:57:08.377496,0.21799999475479126,4.4400000120958794e-08,2.280000011012362e-08,3.8799999657612716e-08,1.2500000146076218e-08,6.7100001110986796e-09
1775653030.434734,2026-04-08 13:57:10.434734,0.21799999475479126,4.4400000120958794e-08,2.280000011012362e-08,3.8500001409147444e-08,1.210000011298007e-08,6.6800001086164684e-09
1775653032.505278,2026-04-08 13:57:12.505278,0.21799999475479126,4.4400000120958794e-08,2.280000011012362e-08,3.859999964106464e-08,1.210000011298007e-08,6.650000106134257e-09
1775653034.551043,2026-04-08 13:57:14.551043,0.21799999475479126,4.4400000120958794e-08,2.280000011012362e-08,3.830000139259937e-08,1.2800000170898329e-08,6.690000109443872e-09
1775653036.6236255,2026-04-08 13:57:16.623626,0.21799999475479126,4.449999835287599e-08,2.280000011012362e-08,3.890000144224359e-08,1.2700000162624292e-08,6.600000101997239e-09
1775653038.6899657,2026-04-08 13:57:18.689966,0.21799999475479126,4.449999835287599e-08,2.280000011012362e-08,3.799999959142042e-08,1.2000000104706032e-08,6.660000106961661e-09
1775653040.7670534,2026-04-08 13:57:20.767053,0.21799999475479126,4.449999835287599e-08,2.280000011012362e-08,3.8500001409147444e-08,1.210000011298007e-08,6.660000106961661e-09
1775653042.8140767,2026-04-08 13:57:22.814077,0.21799999475479126,4.449999835287599e-08,2.2900000118397656e-08,3.8799999657612716e-08,1.210000011298007e-08,6.690000109443872e-09
1775653044.8766003,2026-04-08 13:57:24.876600,0.21799999475479126,4.4400000120958794e-08,2.280000011012362e-08,3.9199999690708864e-08,1.210000011298007e-08,6.6800001086164684e-09
1775653046.9413095,2026-04-08 13:57:26.941309,0.21799999475479126,4.4400000120958794e-08,2.2900000118397656e-08,3.830000139259937e-08,1.210000011298007e-08,6.660000106961661e-09
1775653048.9755173,2026-04-08 13:57:28.975517,0.21799999475479126,4.449999835287599e-08,2.2900000118397656e-08,3.899999967416079e-08,1.210000011298007e-08,6.660000106961661e-09
1775653051.0323665,2026-04-08 13:57:31.032367,0.21799999475479126,4.449999835287599e-08,2.2900000118397656e-08,3.890000144224359e-08,1.2200000121254106e-08,6.660000106961661e-09
1775653053.0691042,2026-04-08 13:57:33.069104,0.21799999475479126,4.449999835287599e-08,2.280000011012362e-08,3.8500001409147444e-08,1.210000011298007e-08,6.6800001086164684e-09
1775653055.1131637,2026-04-08 13:57:35.113164,0.21799999475479126,4.449999835287599e-08,2.280000011012362e-08,3.8799999657612716e-08,1.2200000121254106e-08,6.690000109443872e-09
1775653057.176637,2026-04-08 13:57:37.176637,0.21799999475479126,4.4400000120958794e-08,2.280000011012362e-08,3.8500001409147444e-08,1.210000011298007e-08,6.6800001086164684e-09
1775653059.2253714,2026-04-08 13:57:39.225371,0.21799999475479126,4.4400000120958794e-08,2.280000011012362e-08,3.870000142569552e-08,1.210000011298007e-08,6.690000109443872e-09
1775653061.2685428,2026-04-08 13:57:41.268543,0.21799999475479126,4.449999835287599e-08,2.2900000118397656e-08,3.859999964106464e-08,1.2200000121254106e-08,6.6800001086164684e-09
1775653063.3633661,2026-04-08 13:57:43.363366,0.21799999475479126,4.449999835287599e-08,2.2900000118397656e-08,3.790000135950322e-08,1.2200000121254106e-08,6.670000107789065e-09
1775653065.4404716,2026-04-08 13:57:45.440472,0.21799999475479126,4.449999835287599e-08,2.2900000118397656e-08,3.899999967416079e-08,1.2200000121254106e-08,6.660000106961661e-09
1775653067.48879,2026-04-08 13:57:47.488790,0.21799999475479126,4.449999835287599e-08,2.2900000118397656e-08,3.839999962451657e-08,1.210000011298007e-08,6.660000106961661e-09
1775653069.5196097,2026-04-08 13:57:49.519610,0.21799999475479126,4.449999835287599e-08,2.2900000118397656e-08,3.890000144224359e-08,1.2200000121254106e-08,6.620000103652046e-09
1775653071.566118,2026-04-08 13:57:51.566118,0.21799999475479126,4.4400000120958794e-08,2.2900000118397656e-08,3.8799999657612716e-08,1.240000013780218e-08,6.660000106961661e-09
1775653073.631927,2026-04-08 13:57:53.631927,0.21799999475479126,4.4400000120958794e-08,2.2900000118397656e-08,3.870000142569552e-08,1.210000011298007e-08,6.690000109443872e-09
1775653075.6752503,2026-04-08 13:57:55.675250,0.21799999475479126,4.4400000120958794e-08,2.2900000118397656e-08,3.8500001409147444e-08,1.210000011298007e-08,6.650000106134257e-09
1775653077.7232425,2026-04-08 13:57:57.723243,0.21799999475479126,4.449999835287599e-08,2.2900000118397656e-08,3.859999964106464e-08,1.2200000121254106e-08,6.660000106961661e-09
1775653079.753428,2026-04-08 13:57:59.753428,0.21799999475479126,4.449999835287599e-08,2.2900000118397656e-08,3.899999967416079e-08,1.210000011298007e-08,6.650000106134257e-09
1775653081.80326,2026-04-08 13:58:01.803260,0.21799999475479126,4.449999835287599e-08,2.2900000118397656e-08,3.859999964106464e-08,1.210000011298007e-08,6.7100001110986796e-09
1775653083.845461,2026-04-08 13:58:03.845461,0.21799999475479126,4.449999835287599e-08,2.2900000118397656e-08,3.790000135950322e-08,1.210000011298007e-08,6.660000106961661e-09
1775653085.917746,2026-04-08 13:58:05.917746,0.21799999475479126,4.449999835287599e-08,2.2900000118397656e-08,3.9199999690708864e-08,1.2200000121254106e-08,6.660000106961661e-09
1775653088.0579844,2026-04-08 13:58:08.057984,0.21799999475479126,4.449999835287599e-08,2.2900000118397656e-08,3.839999962451657e-08,1.210000011298007e-08,6.660000106961661e-09
1775653090.114643,2026-04-08 13:58:10.114643,0.21799999475479126,4.449999835287599e-08,2.2900000118397656e-08,3.8100001376051296e-08,1.210000011298007e-08,6.670000107789065e-09
1775653092.1600704,2026-04-08 13:58:12.160070,0.21799999475479126,4.449999835287599e-08,2.2900000118397656e-08,3.8199999607968493e-08,1.210000011298007e-08,6.660000106961661e-09
1775653094.2216058,2026-04-08 13:58:14.221606,0.21799999475479126,4.449999835287599e-08,2.2900000118397656e-08,3.859999964106464e-08,1.210000011298007e-08,6.6400001053068536e-09
1775653096.2707882,2026-04-08 13:58:16.270788,0.21799999475479126,4.449999835287599e-08,2.2900000118397656e-08,3.870000142569552e-08,1.2200000121254106e-08,6.690000109443872e-09
1775653098.3174448,2026-04-08 13:58:18.317445,0.21799999475479126,4.449999835287599e-08,2.2900000118397656e-08,3.8199999607968493e-08,1.210000011298007e-08,6.670000107789065e-09
1775653100.395524,2026-04-08 13:58:20.395524,0.21799999475479126,4.460000013750687e-08,2.2900000118397656e-08,3.8500001409147444e-08,1.210000011298007e-08,6.690000109443872e-09
1775653102.44013,2026-04-08 13:58:22.440130,0.21799999475479126,4.449999835287599e-08,2.2900000118397656e-08,3.939999970725694e-08,1.210000011298007e-08,6.63000010447945e-09
1775653104.48662,2026-04-08 13:58:24.486620,0.21799999475479126,4.449999835287599e-08,2.2900000118397656e-08,3.839999962451657e-08,1.210000011298007e-08,6.650000106134257e-09
1775653106.5815053,2026-04-08 13:58:26.581505,0.21799999475479126,4.449999835287599e-08,2.2900000118397656e-08,3.790000135950322e-08,1.210000011298007e-08,6.6400001053068536e-09
1775653108.6427937,2026-04-08 13:58:28.642794,0.21799999475479126,4.449999835287599e-08,2.2900000118397656e-08,3.8500001409147444e-08,1.2200000121254106e-08,6.650000106134257e-09
1775653110.6905837,2026-04-08 13:58:30.690584,0.21799999475479126,4.460000013750687e-08,2.2900000118397656e-08,3.9199999690708864e-08,1.2200000121254106e-08,6.660000106961661e-09
1775653112.7388515,2026-04-08 13:58:32.738852,0.21799999475479126,4.449999835287599e-08,2.2900000118397656e-08,3.839999962451657e-08,1.210000011298007e-08,6.650000106134257e-09
1775653114.800078,2026-04-08 13:58:34.800078,0.21799999475479126,4.449999835287599e-08,2.2900000118397656e-08,3.890000144224359e-08,1.210000011298007e-08,6.690000109443872e-09
1775653116.8824658,2026-04-08 13:58:36.882466,0.21799999475479126,4.449999835287599e-08,2.2900000118397656e-08,3.839999962451657e-08,1.210000011298007e-08,6.650000106134257e-09
1775653118.941926,2026-04-08 13:58:38.941926,0.21799999475479126,4.449999835287599e-08,2.2900000118397656e-08,3.8799999657612716e-08,1.2200000121254106e-08,6.660000106961661e-09
1775653121.0054986,2026-04-08 13:58:41.005499,0.21799999475479126,4.449999835287599e-08,2.2900000118397656e-08,3.839999962451657e-08,1.210000011298007e-08,6.660000106961661e-09
1775653123.040531,2026-04-08 13:58:43.040531,0.21799999475479126,4.449999835287599e-08,2.2900000118397656e-08,3.8500001409147444e-08,1.2200000121254106e-08,6.660000106961661e-09
1775653125.0811965,2026-04-08 13:58:45.081197,0.21799999475479126,4.449999835287599e-08,2.2900000118397656e-08,3.899999967416079e-08,1.210000011298007e-08,6.700000110271276e-09
1775653127.1448512,2026-04-08 13:58:47.144851,0.21799999475479126,4.449999835287599e-08,2.2900000118397656e-08,3.839999962451657e-08,1.210000011298007e-08,6.700000110271276e-09
1775653129.1923773,2026-04-08 13:58:49.192377,0.21799999475479126,4.449999835287599e-08,2.2900000118397656e-08,3.859999964106464e-08,1.210000011298007e-08,6.720000111926083e-09
1775653131.2395163,2026-04-08 13:58:51.239516,0.21799999475479126,4.449999835287599e-08,2.2900000118397656e-08,3.890000144224359e-08,1.210000011298007e-08,6.670000107789065e-09
1775653133.273099,2026-04-08 13:58:53.273099,0.21799999475479126,4.449999835287599e-08,2.2900000118397656e-08,3.799999959142042e-08,1.2200000121254106e-08,6.750000114408294e-09
1775653135.3195004,2026-04-08 13:58:55.319500,0.21799999475479126,4.460000013750687e-08,2.2900000118397656e-08,3.839999962451657e-08,1.210000011298007e-08,6.700000110271276e-09
1775653137.363382,2026-04-08 13:58:57.363382,0.21799999475479126,4.449999835287599e-08,2.2900000118397656e-08,3.8500001409147444e-08,1.2200000121254106e-08,6.670000107789065e-09
1775653139.427195,2026-04-08 13:58:59.427195,0.21799999475479126,4.449999835287599e-08,2.2900000118397656e-08,3.8199999607968493e-08,1.210000011298007e-08,6.690000109443872e-09
1775653141.487814,2026-04-08 13:59:01.487814,0.21799999475479126,4.449999835287599e-08,2.2900000118397656e-08,3.8500001409147444e-08,1.210000011298007e-08,6.730000112753487e-09
1775653143.5511262,2026-04-08 13:59:03.551126,0.21799999475479126,4.460000013750687e-08,2.2900000118397656e-08,3.890000144224359e-08,1.210000011298007e-08,6.690000109443872e-09
1775653145.5993538,2026-04-08 13:59:05.599354,0.21799999475479126,4.449999835287599e-08,2.2900000118397656e-08,3.830000139259937e-08,1.2200000121254106e-08,6.7100001110986796e-09
1775653147.64398,2026-04-08 13:59:07.643980,0.21799999475479126,4.449999835287599e-08,2.2900000118397656e-08,3.799999959142042e-08,1.2200000121254106e-08,6.700000110271276e-09
1775653149.707566,2026-04-08 13:59:09.707566,0.21799999475479126,4.449999835287599e-08,2.2900000118397656e-08,3.899999967416079e-08,1.2200000121254106e-08,6.6400001053068536e-09
1775653151.7559159,2026-04-08 13:59:11.755916,0.21799999475479126,4.449999835287599e-08,2.2900000118397656e-08,3.8199999607968493e-08,1.2200000121254106e-08,6.6800001086164684e-09
1775653153.8183818,2026-04-08 13:59:13.818382,0.21799999475479126,4.449999835287599e-08,2.2900000118397656e-08,3.8500001409147444e-08,1.210000011298007e-08,6.670000107789065e-09
1775653155.8795395,2026-04-08 13:59:15.879539,0.21799999475479126,4.449999835287599e-08,2.2900000118397656e-08,3.8199999607968493e-08,1.210000011298007e-08,6.660000106961661e-09
1775653157.9401064,2026-04-08 13:59:17.940106,0.21799999475479126,4.449999835287599e-08,2.2900000118397656e-08,3.830000139259937e-08,1.210000011298007e-08,6.700000110271276e-09
1775653160.0041943,2026-04-08 13:59:20.004194,0.21799999475479126,4.460000013750687e-08,2.2900000118397656e-08,3.9100001458791667e-08,1.2200000121254106e-08,6.6800001086164684e-09
1775653162.0825202,2026-04-08 13:59:22.082520,0.21799999475479126,4.460000013750687e-08,2.2900000118397656e-08,3.9199999690708864e-08,1.2200000121254106e-08,6.670000107789065e-09
1775653164.126494,2026-04-08 13:59:24.126494,0.21799999475479126,4.460000013750687e-08,2.2900000118397656e-08,3.790000135950322e-08,1.2200000121254106e-08,6.670000107789065e-09
1775653166.1729705,2026-04-08 13:59:26.172971,0.21799999475479126,4.460000013750687e-08,2.2900000118397656e-08,3.859999964106464e-08,1.2200000121254106e-08,6.670000107789065e-09
1775653168.237437,2026-04-08 13:59:28.237437,0.21799999475479126,4.449999835287599e-08,2.2900000118397656e-08,3.790000135950322e-08,1.2200000121254106e-08,6.690000109443872e-09
1775653170.3004386,2026-04-08 13:59:30.300439,0.21799999475479126,4.460000013750687e-08,2.2900000118397656e-08,3.8500001409147444e-08,1.2200000121254106e-08,6.660000106961661e-09
1775653172.3319907,2026-04-08 13:59:32.331991,0.21799999475479126,4.460000013750687e-08,2.2900000118397656e-08,3.8799999657612716e-08,1.2200000121254106e-08,6.6800001086164684e-09
1775653174.3786597,2026-04-08 13:59:34.378660,0.21799999475479126,4.460000013750687e-08,2.2900000118397656e-08,3.830000139259937e-08,1.210000011298007e-08,6.670000107789065e-09
1775653176.443936,2026-04-08 13:59:36.443936,0.21799999475479126,4.460000013750687e-08,2.2900000118397656e-08,3.9100001458791667e-08,1.2200000121254106e-08,6.6800001086164684e-09
1775653178.4804497,2026-04-08 13:59:38.480450,0.21799999475479126,4.460000013750687e-08,2.2900000118397656e-08,3.859999964106464e-08,1.2200000121254106e-08,6.690000109443872e-09
1775653180.5380633,2026-04-08 13:59:40.538063,0.21799999475479126,4.449999835287599e-08,2.2900000118397656e-08,3.899999967416079e-08,1.210000011298007e-08,6.7100001110986796e-09
1775653182.5838928,2026-04-08 13:59:42.583893,0.21799999475479126,4.449999835287599e-08,2.2900000118397656e-08,3.839999962451657e-08,1.210000011298007e-08,5.8499999511241185e-08
1775653184.6284754,2026-04-08 13:59:44.628475,0.21799999475479126,4.460000013750687e-08,2.2900000118397656e-08,3.9100001458791667e-08,1.2600000154350255e-08,6.6800001086164684e-09
1775653186.6892574,2026-04-08 13:59:46.689257,0.21799999475479126,4.449999835287599e-08,2.2900000118397656e-08,3.870000142569552e-08,1.2500000146076218e-08,6.6400001053068536e-09
1775653188.7531526,2026-04-08 13:59:48.753153,0.21799999475479126,4.460000013750687e-08,2.2900000118397656e-08,3.8199999607968493e-08,1.210000011298007e-08,6.690000109443872e-09
1775653190.816573,2026-04-08 13:59:50.816573,0.21799999475479126,4.460000013750687e-08,2.2900000118397656e-08,3.9100001458791667e-08,1.2200000121254106e-08,6.670000107789065e-09
1775653192.8651524,2026-04-08 13:59:52.865152,0.21799999475479126,4.460000013750687e-08,2.2900000118397656e-08,3.839999962451657e-08,1.2200000121254106e-08,6.6800001086164684e-09
1775653194.9073725,2026-04-08 13:59:54.907372,0.21799999475479126,4.449999835287599e-08,2.2900000118397656e-08,3.9100001458791667e-08,1.2200000121254106e-08,6.650000106134257e-09
1775653196.9422274,2026-04-08 13:59:56.942227,0.21799999475479126,4.460000013750687e-08,2.2900000118397656e-08,3.870000142569552e-08,1.210000011298007e-08,6.720000111926083e-09
1775653199.0062196,2026-04-08 13:59:59.006220,0.21799999475479126,4.460000013750687e-08,2.2900000118397656e-08,3.930000147533974e-08,1.210000011298007e-08,6.660000106961661e-09
1775653201.0513155,2026-04-08 14:00:01.051316,0.21799999475479126,4.460000013750687e-08,2.2900000118397656e-08,3.839999962451657e-08,1.2200000121254106e-08,6.660000106961661e-09
1775653203.0965533,2026-04-08 14:00:03.096553,0.21799999475479126,4.460000013750687e-08,2.2900000118397656e-08,3.870000142569552e-08,1.210000011298007e-08,6.6800001086164684e-09
1775653205.1431158,2026-04-08 14:00:05.143116,0.21799999475479126,4.460000013750687e-08,2.2900000118397656e-08,3.8500001409147444e-08,1.210000011298007e-08,6.670000107789065e-09
1775653207.2043674,2026-04-08 14:00:07.204367,0.21799999475479126,4.460000013750687e-08,2.2900000118397656e-08,3.870000142569552e-08,1.2200000121254106e-08,6.720000111926083e-09
1775653209.2692745,2026-04-08 14:00:09.269274,0.21799999475479126,4.460000013750687e-08,2.2900000118397656e-08,3.890000144224359e-08,1.2200000121254106e-08,6.730000112753487e-09
1775653211.3330638,2026-04-08 14:00:11.333064,0.21799999475479126,4.460000013750687e-08,2.2900000118397656e-08,3.8500001409147444e-08,1.2200000121254106e-08,6.690000109443872e-09
1775653213.4131417,2026-04-08 14:00:13.413142,0.21799999475479126,4.460000013750687e-08,2.2900000118397656e-08,3.859999964106464e-08,1.210000011298007e-08,6.7100001110986796e-09
1775653215.4653087,2026-04-08 14:00:15.465309,0.21799999475479126,4.460000013750687e-08,2.2900000118397656e-08,3.9100001458791667e-08,1.2200000121254106e-08,6.690000109443872e-09
1775653217.5380497,2026-04-08 14:00:17.538050,0.21799999475479126,4.460000013750687e-08,2.2900000118397656e-08,3.9199999690708864e-08,1.2300000129528144e-08,6.660000106961661e-09
1775653219.6110523,2026-04-08 14:00:19.611052,0.21799999475479126,4.460000013750687e-08,2.2900000118397656e-08,3.799999959142042e-08,1.2200000121254106e-08,6.6800001086164684e-09
1775653221.6271348,2026-04-08 14:00:21.627135,0.21799999475479126,4.460000013750687e-08,2.2900000118397656e-08,3.8500001409147444e-08,1.2200000121254106e-08,6.670000107789065e-09
1775653223.6792789,2026-04-08 14:00:23.679279,0.21799999475479126,4.460000013750687e-08,2.2900000118397656e-08,3.890000144224359e-08,1.2200000121254106e-08,6.700000110271276e-09
1775653225.7159965,2026-04-08 14:00:25.715997,0.21799999475479126,4.460000013750687e-08,2.2900000118397656e-08,3.9100001458791667e-08,1.2200000121254106e-08,6.670000107789065e-09
1775653227.756445,2026-04-08 14:00:27.756445,0.21799999475479126,4.460000013750687e-08,2.2900000118397656e-08,3.9100001458791667e-08,1.2200000121254106e-08,6.660000106961661e-09
1775653229.8319626,2026-04-08 14:00:29.831963,0.21799999475479126,4.460000013750687e-08,2.2900000118397656e-08,3.839999962451657e-08,1.2200000121254106e-08,6.660000106961661e-09
1775653231.880715,2026-04-08 14:00:31.880715,0.21799999475479126,4.460000013750687e-08,2.2900000118397656e-08,3.890000144224359e-08,1.210000011298007e-08,6.720000111926083e-09
1775653233.9407775,2026-04-08 14:00:33.940778,0.21799999475479126,4.460000013750687e-08,2.2900000118397656e-08,3.870000142569552e-08,1.210000011298007e-08,6.650000106134257e-09
1775653235.9877706,2026-04-08 14:00:35.987771,0.21799999475479126,4.460000013750687e-08,2.2900000118397656e-08,3.799999959142042e-08,1.2200000121254106e-08,6.660000106961661e-09
1775653238.0536005,2026-04-08 14:00:38.053601,0.21799999475479126,4.460000013750687e-08,2.2900000118397656e-08,3.8799999657612716e-08,1.2200000121254106e-08,6.6800001086164684e-09
1775653240.1148376,2026-04-08 14:00:40.114838,0.21799999475479126,4.460000013750687e-08,2.2900000118397656e-08,3.8500001409147444e-08,1.2200000121254106e-08,6.7100001110986796e-09
1775653242.1637452,2026-04-08 14:00:42.163745,0.21799999475479126,4.460000013750687e-08,2.2900000118397656e-08,3.770000134295515e-08,1.2200000121254106e-08,6.700000110271276e-09
1775653244.2049327,2026-04-08 14:00:44.204933,0.21799999475479126,4.4699998369424065e-08,2.2900000118397656e-08,3.830000139259937e-08,1.2200000121254106e-08,6.6800001086164684e-09
1775653246.2250826,2026-04-08 14:00:46.225083,0.21799999475479126,4.460000013750687e-08,2.2900000118397656e-08,3.830000139259937e-08,1.2200000121254106e-08,6.6800001086164684e-09
1775653248.2888038,2026-04-08 14:00:48.288804,0.21799999475479126,4.460000013750687e-08,2.2900000118397656e-08,3.870000142569552e-08,1.2200000121254106e-08,6.720000111926083e-09
1775653250.3334887,2026-04-08 14:00:50.333489,0.21799999475479126,4.449999835287599e-08,2.2900000118397656e-08,3.839999962451657e-08,1.2200000121254106e-08,6.6800001086164684e-09
1775653252.3825176,2026-04-08 14:00:52.382518,0.21799999475479126,4.460000013750687e-08,2.2900000118397656e-08,3.8500001409147444e-08,1.2200000121254106e-08,6.670000107789065e-09
1775653254.423766,2026-04-08 14:00:54.423766,0.21799999475479126,4.460000013750687e-08,2.2900000118397656e-08,3.830000139259937e-08,1.210000011298007e-08,6.63000010447945e-09
1775653256.506296,2026-04-08 14:00:56.506296,0.21799999475479126,4.460000013750687e-08,2.2900000118397656e-08,3.8199999607968493e-08,1.2200000121254106e-08,6.650000106134257e-09
1775653258.5354397,2026-04-08 14:00:58.535440,0.21799999475479126,4.460000013750687e-08,2.2900000118397656e-08,3.859999964106464e-08,1.210000011298007e-08,6.660000106961661e-09
1775653260.5845191,2026-04-08 14:01:00.584519,0.21799999475479126,4.4699998369424065e-08,2.2900000118397656e-08,3.8199999607968493e-08,1.210000011298007e-08,6.670000107789065e-09
1775653262.638736,2026-04-08 14:01:02.638736,0.21799999475479126,4.460000013750687e-08,2.2900000118397656e-08,3.8199999607968493e-08,1.210000011298007e-08,6.660000106961661e-09
1775653264.6940615,2026-04-08 14:01:04.694062,0.21799999475479126,4.460000013750687e-08,2.2900000118397656e-08,3.830000139259937e-08,1.2200000121254106e-08,6.6800001086164684e-09
1775653266.741376,2026-04-08 14:01:06.741376,0.21799999475479126,4.4699998369424065e-08,2.3000000126671694e-08,3.870000142569552e-08,1.210000011298007e-08,6.7100001110986796e-09
1775653268.803683,2026-04-08 14:01:08.803683,0.21799999475479126,4.460000013750687e-08,2.2900000118397656e-08,3.8199999607968493e-08,1.210000011298007e-08,6.730000112753487e-09
1775653270.8490434,2026-04-08 14:01:10.849043,0.21799999475479126,4.480000015405494e-08,2.3000000126671694e-08,3.8500001409147444e-08,1.2200000121254106e-08,6.700000110271276e-09
1775653272.8835037,2026-04-08 14:01:12.883504,0.21799999475479126,4.460000013750687e-08,2.2900000118397656e-08,3.890000144224359e-08,1.2200000121254106e-08,6.650000106134257e-09
1775653274.9411695,2026-04-08 14:01:14.941170,0.21799999475479126,4.460000013750687e-08,2.2900000118397656e-08,3.839999962451657e-08,1.2200000121254106e-08,6.700000110271276e-09
1775653276.9753604,2026-04-08 14:01:16.975360,0.21799999475479126,4.460000013750687e-08,2.2900000118397656e-08,3.8799999657612716e-08,1.210000011298007e-08,6.690000109443872e-09
1775653279.0078423,2026-04-08 14:01:19.007842,0.21799999475479126,4.460000013750687e-08,2.3000000126671694e-08,3.930000147533974e-08,1.2200000121254106e-08,6.700000110271276e-09
1775653281.052479,2026-04-08 14:01:21.052479,0.21799999475479126,4.460000013750687e-08,2.2900000118397656e-08,3.8100001376051296e-08,1.2200000121254106e-08,6.6800001086164684e-09
1775653283.0974858,2026-04-08 14:01:23.097486,0.21799999475479126,4.460000013750687e-08,2.3000000126671694e-08,3.899999967416079e-08,1.210000011298007e-08,6.6800001086164684e-09
1775653285.1288126,2026-04-08 14:01:25.128813,0.21799999475479126,4.460000013750687e-08,2.3000000126671694e-08,3.899999967416079e-08,1.210000011298007e-08,6.7100001110986796e-09
1775653287.178118,2026-04-08 14:01:27.178118,0.21799999475479126,4.460000013750687e-08,2.2900000118397656e-08,3.859999964106464e-08,1.2200000121254106e-08,6.720000111926083e-09
1775653289.2209418,2026-04-08 14:01:29.220942,0.21799999475479126,4.4699998369424065e-08,2.3000000126671694e-08,3.8500001409147444e-08,1.2200000121254106e-08,6.690000109443872e-09
1775653291.2676082,2026-04-08 14:01:31.267608,0.21799999475479126,4.4699998369424065e-08,2.3000000126671694e-08,3.830000139259937e-08,1.210000011298007e-08,6.700000110271276e-09
1775653293.2982283,2026-04-08 14:01:33.298228,0.21799999475479126,4.4699998369424065e-08,2.2900000118397656e-08,3.899999967416079e-08,1.2200000121254106e-08,6.690000109443872e-09
1775653295.3361757,2026-04-08 14:01:35.336176,0.21799999475479126,4.460000013750687e-08,2.3000000126671694e-08,3.830000139259937e-08,1.2200000121254106e-08,6.660000106961661e-09
1775653297.3800817,2026-04-08 14:01:37.380082,0.21799999475479126,4.460000013750687e-08,2.3000000126671694e-08,3.8500001409147444e-08,1.2200000121254106e-08,6.650000106134257e-09
1775653299.4098713,2026-04-08 14:01:39.409871,0.21799999475479126,4.460000013750687e-08,2.2900000118397656e-08,3.859999964106464e-08,1.210000011298007e-08,6.720000111926083e-09
1775653301.455945,2026-04-08 14:01:41.455945,0.21799999475479126,4.4699998369424065e-08,2.2900000118397656e-08,3.839999962451657e-08,1.2200000121254106e-08,6.670000107789065e-09
1775653303.5194016,2026-04-08 14:01:43.519402,0.21799999475479126,4.460000013750687e-08,2.3000000126671694e-08,3.899999967416079e-08,1.2200000121254106e-08,6.690000109443872e-09
1775653305.599927,2026-04-08 14:01:45.599927,0.21799999475479126,4.4699998369424065e-08,2.3000000126671694e-08,3.890000144224359e-08,1.2200000121254106e-08,6.700000110271276e-09
1775653307.6441758,2026-04-08 14:01:47.644176,0.21799999475479126,4.4699998369424065e-08,2.3000000126671694e-08,3.890000144224359e-08,1.2200000121254106e-08,6.7100001110986796e-09
1775653309.6900263,2026-04-08 14:01:49.690026,0.21799999475479126,4.4699998369424065e-08,2.3000000126671694e-08,3.8500001409147444e-08,1.210000011298007e-08,6.6800001086164684e-09
1775653311.7550638,2026-04-08 14:01:51.755064,0.21799999475479126,4.460000013750687e-08,2.3000000126671694e-08,3.859999964106464e-08,1.2200000121254106e-08,6.700000110271276e-09
1775653313.8013208,2026-04-08 14:01:53.801321,0.21799999475479126,4.460000013750687e-08,2.3000000126671694e-08,3.8799999657612716e-08,1.2200000121254106e-08,6.670000107789065e-09
1775653315.8466513,2026-04-08 14:01:55.846651,0.21799999475479126,4.460000013750687e-08,2.3000000126671694e-08,3.7799999574872345e-08,1.2200000121254106e-08,6.660000106961661e-09
1775653317.9031296,2026-04-08 14:01:57.903130,0.21799999475479126,4.460000013750687e-08,2.3000000126671694e-08,3.839999962451657e-08,1.210000011298007e-08,6.7100001110986796e-09
1775653319.9888358,2026-04-08 14:01:59.988836,0.21799999475479126,4.4699998369424065e-08,2.3000000126671694e-08,3.899999967416079e-08,1.2200000121254106e-08,6.730000112753487e-09
1775653322.0530853,2026-04-08 14:02:02.053085,0.21799999475479126,4.460000013750687e-08,2.3000000126671694e-08,3.790000135950322e-08,1.210000011298007e-08,6.690000109443872e-09
1775653324.1135733,2026-04-08 14:02:04.113573,0.21799999475479126,4.4699998369424065e-08,2.3000000126671694e-08,3.870000142569552e-08,1.210000011298007e-08,6.690000109443872e-09
1775653326.1698632,2026-04-08 14:02:06.169863,0.21799999475479126,4.460000013750687e-08,2.3000000126671694e-08,3.799999959142042e-08,1.2200000121254106e-08,6.660000106961661e-09
1775653328.2246346,2026-04-08 14:02:08.224635,0.21799999475479126,4.460000013750687e-08,2.3000000126671694e-08,3.839999962451657e-08,1.2200000121254106e-08,6.7100001110986796e-09
1775653330.316085,2026-04-08 14:02:10.316085,0.21799999475479126,4.480000015405494e-08,2.3000000126671694e-08,3.870000142569552e-08,1.2200000121254106e-08,6.670000107789065e-09
1775653332.3191075,2026-04-08 14:02:12.319108,0.21799999475479126,4.460000013750687e-08,2.3000000126671694e-08,3.830000139259937e-08,1.2200000121254106e-08,6.650000106134257e-09
1775653334.3505068,2026-04-08 14:02:14.350507,0.21799999475479126,4.460000013750687e-08,2.3000000126671694e-08,3.830000139259937e-08,1.210000011298007e-08,6.7100001110986796e-09
1775653336.4195178,2026-04-08 14:02:16.419518,0.21799999475479126,4.480000015405494e-08,2.3000000126671694e-08,3.8799999657612716e-08,1.2200000121254106e-08,6.7100001110986796e-09
1775653338.4758148,2026-04-08 14:02:18.475815,0.21799999475479126,4.4699998369424065e-08,2.3000000126671694e-08,3.859999964106464e-08,1.2200000121254106e-08,6.670000107789065e-09
1775653340.521125,2026-04-08 14:02:20.521125,0.21799999475479126,4.460000013750687e-08,2.3000000126671694e-08,3.830000139259937e-08,1.210000011298007e-08,6.720000111926083e-09
1775653342.5639431,2026-04-08 14:02:22.563943,0.21799999475479126,4.4699998369424065e-08,2.3000000126671694e-08,3.9500001491887815e-08,1.2200000121254106e-08,6.690000109443872e-09
1775653344.6114087,2026-04-08 14:02:24.611409,0.21799999475479126,4.480000015405494e-08,2.3000000126671694e-08,3.8500001409147444e-08,1.210000011298007e-08,6.6800001086164684e-09
1775653346.658908,2026-04-08 14:02:26.658908,0.21799999475479126,4.4699998369424065e-08,2.3000000126671694e-08,3.8799999657612716e-08,1.210000011298007e-08,6.730000112753487e-09
1775653348.7096274,2026-04-08 14:02:28.709627,0.21799999475479126,4.460000013750687e-08,2.3000000126671694e-08,3.939999970725694e-08,1.2200000121254106e-08,6.730000112753487e-09
1775653350.7703922,2026-04-08 14:02:30.770392,0.21799999475479126,4.4699998369424065e-08,2.3000000126671694e-08,3.899999967416079e-08,1.2200000121254106e-08,6.6800001086164684e-09
1775653352.8400002,2026-04-08 14:02:32.840000,0.21799999475479126,4.460000013750687e-08,2.3000000126671694e-08,3.870000142569552e-08,1.2200000121254106e-08,6.7100001110986796e-09
1775653354.8922758,2026-04-08 14:02:34.892276,0.21799999475479126,4.4699998369424065e-08,2.3000000126671694e-08,3.939999970725694e-08,1.2500000146076218e-08,6.690000109443872e-09
1775653356.959973,2026-04-08 14:02:36.959973,0.21799999475479126,4.4699998369424065e-08,2.3000000126671694e-08,3.8799999657612716e-08,1.210000011298007e-08,6.730000112753487e-09
1775653359.0046096,2026-04-08 14:02:39.004610,0.21799999475479126,4.4699998369424065e-08,2.3000000126671694e-08,3.8500001409147444e-08,1.2200000121254106e-08,6.720000111926083e-09
1775653361.0382,2026-04-08 14:02:41.038200,0.21799999475479126,4.4699998369424065e-08,2.3000000126671694e-08,3.8500001409147444e-08,1.2200000121254106e-08,6.740000113580891e-09
1775653363.0868378,2026-04-08 14:02:43.086838,0.21799999475479126,4.4699998369424065e-08,2.3000000126671694e-08,3.839999962451657e-08,1.2200000121254106e-08,6.720000111926083e-09
1775653365.1427712,2026-04-08 14:02:45.142771,0.21799999475479126,4.460000013750687e-08,2.3000000126671694e-08,3.8799999657612716e-08,1.2200000121254106e-08,6.7100001110986796e-09
1775653367.1940956,2026-04-08 14:02:47.194096,0.21799999475479126,4.4699998369424065e-08,2.3000000126671694e-08,3.859999964106464e-08,1.2200000121254106e-08,6.720000111926083e-09
1775653369.2231874,2026-04-08 14:02:49.223187,0.21799999475479126,4.480000015405494e-08,2.3000000126671694e-08,3.8199999607968493e-08,1.2200000121254106e-08,6.750000114408294e-09
1775653371.2521758,2026-04-08 14:02:51.252176,0.21799999475479126,4.4699998369424065e-08,2.3000000126671694e-08,3.8199999607968493e-08,1.2200000121254106e-08,6.730000112753487e-09
1775653373.2999547,2026-04-08 14:02:53.299955,0.21799999475479126,4.4699998369424065e-08,2.3000000126671694e-08,3.890000144224359e-08,1.2200000121254106e-08,6.770000116063102e-09
1775653375.334941,2026-04-08 14:02:55.334941,0.21799999475479126,4.480000015405494e-08,2.3000000126671694e-08,3.899999967416079e-08,1.2300000129528144e-08,6.730000112753487e-09
1775653377.380114,2026-04-08 14:02:57.380114,0.21799999475479126,4.4699998369424065e-08,2.3000000126671694e-08,3.8500001409147444e-08,1.210000011298007e-08,6.690000109443872e-09
1775653379.439981,2026-04-08 14:02:59.439981,0.21799999475479126,4.480000015405494e-08,2.3000000126671694e-08,3.839999962451657e-08,1.2200000121254106e-08,6.7100001110986796e-09
1775653381.5043569,2026-04-08 14:03:01.504357,0.21799999475479126,4.4699998369424065e-08,2.3000000126671694e-08,3.899999967416079e-08,1.2300000129528144e-08,6.700000110271276e-09
1775653383.5970109,2026-04-08 14:03:03.597011,0.21799999475479126,4.4699998369424065e-08,2.3000000126671694e-08,3.939999970725694e-08,1.2200000121254106e-08,6.7100001110986796e-09
1775653385.6425261,2026-04-08 14:03:05.642526,0.21799999475479126,4.4699998369424065e-08,2.3000000126671694e-08,3.790000135950322e-08,1.2200000121254106e-08,6.690000109443872e-09
1775653387.6888292,2026-04-08 14:03:07.688829,0.21799999475479126,4.480000015405494e-08,2.3000000126671694e-08,3.8500001409147444e-08,1.2200000121254106e-08,6.730000112753487e-09
1775653389.735818,2026-04-08 14:03:09.735818,0.21799999475479126,4.4699998369424065e-08,2.3000000126671694e-08,3.870000142569552e-08,1.2200000121254106e-08,6.720000111926083e-09
1775653391.8004675,2026-04-08 14:03:11.800467,0.21799999475479126,4.480000015405494e-08,2.3000000126671694e-08,3.8100001376051296e-08,1.2200000121254106e-08,6.700000110271276e-09
1775653393.8615046,2026-04-08 14:03:13.861505,0.21799999475479126,4.480000015405494e-08,2.3000000126671694e-08,3.870000142569552e-08,1.2200000121254106e-08,6.650000106134257e-09
1775653395.9092543,2026-04-08 14:03:15.909254,0.21799999475479126,4.480000015405494e-08,2.3000000126671694e-08,3.839999962451657e-08,1.2200000121254106e-08,6.7100001110986796e-09
1775653397.9615014,2026-04-08 14:03:17.961501,0.21799999475479126,4.480000015405494e-08,2.3000000126671694e-08,3.9199999690708864e-08,1.2500000146076218e-08,6.750000114408294e-09
1775653400.0382245,2026-04-08 14:03:20.038224,0.21799999475479126,4.480000015405494e-08,2.3000000126671694e-08,3.8199999607968493e-08,1.2200000121254106e-08,6.7100001110986796e-09
1775653402.063687,2026-04-08 14:03:22.063687,0.21799999475479126,4.460000013750687e-08,2.3000000126671694e-08,3.890000144224359e-08,1.2200000121254106e-08,6.730000112753487e-09
1775653404.1294365,2026-04-08 14:03:24.129436,0.21799999475479126,4.480000015405494e-08,2.3000000126671694e-08,3.8799999657612716e-08,1.2200000121254106e-08,6.730000112753487e-09
1775653406.191316,2026-04-08 14:03:26.191316,0.21799999475479126,4.4699998369424065e-08,2.3000000126671694e-08,3.8100001376051296e-08,1.2200000121254106e-08,6.690000109443872e-09
1775653408.270963,2026-04-08 14:03:28.270963,0.21799999475479126,4.480000015405494e-08,2.3000000126671694e-08,3.859999964106464e-08,1.2200000121254106e-08,6.690000109443872e-09
1775653410.3163195,2026-04-08 14:03:30.316319,0.21799999475479126,4.480000015405494e-08,2.3000000126671694e-08,3.8799999657612716e-08,1.2200000121254106e-08,6.700000110271276e-09
1775653412.36467,2026-04-08 14:03:32.364670,0.21799999475479126,4.4699998369424065e-08,2.3000000126671694e-08,3.870000142569552e-08,1.2200000121254106e-08,6.700000110271276e-09
1775653414.424657,2026-04-08 14:03:34.424657,0.21799999475479126,4.4699998369424065e-08,2.3000000126671694e-08,3.859999964106464e-08,1.2200000121254106e-08,6.750000114408294e-09
1775653416.4600003,2026-04-08 14:03:36.460000,0.21799999475479126,4.480000015405494e-08,2.3000000126671694e-08,3.870000142569552e-08,1.2200000121254106e-08,6.730000112753487e-09
1775653418.5048842,2026-04-08 14:03:38.504884,0.21799999475479126,4.480000015405494e-08,2.3000000126671694e-08,3.830000139259937e-08,1.2200000121254106e-08,6.7100001110986796e-09
1775653420.5422041,2026-04-08 14:03:40.542204,0.21799999475479126,4.480000015405494e-08,2.3000000126671694e-08,3.8199999607968493e-08,1.2200000121254106e-08,6.700000110271276e-09
1775653422.5801404,2026-04-08 14:03:42.580140,0.21799999475479126,4.489999838597214e-08,2.3000000126671694e-08,3.930000147533974e-08,1.2200000121254106e-08,6.670000107789065e-09
1775653424.6575809,2026-04-08 14:03:44.657581,0.21799999475479126,4.460000013750687e-08,2.3000000126671694e-08,3.859999964106464e-08,1.2300000129528144e-08,6.720000111926083e-09
1775653426.704293,2026-04-08 14:03:46.704293,0.21799999475479126,4.480000015405494e-08,2.3000000126671694e-08,3.870000142569552e-08,1.2200000121254106e-08,6.6400001053068536e-09
1775653428.7529953,2026-04-08 14:03:48.752995,0.21799999475479126,4.4699998369424065e-08,2.3000000126671694e-08,3.839999962451657e-08,1.2200000121254106e-08,6.7100001110986796e-09
1775653430.8029766,2026-04-08 14:03:50.802977,0.21799999475479126,4.4699998369424065e-08,2.3000000126671694e-08,3.959999972380501e-08,1.2200000121254106e-08,6.660000106961661e-09
1775653432.8536232,2026-04-08 14:03:52.853623,0.21799999475479126,4.480000015405494e-08,2.3000000126671694e-08,3.9199999690708864e-08,1.2200000121254106e-08,6.690000109443872e-09
1775653434.8967278,2026-04-08 14:03:54.896728,0.21799999475479126,4.480000015405494e-08,2.3000000126671694e-08,3.839999962451657e-08,1.2200000121254106e-08,6.720000111926083e-09
1775653436.9439924,2026-04-08 14:03:56.943992,0.21799999475479126,4.480000015405494e-08,2.3000000126671694e-08,3.870000142569552e-08,1.210000011298007e-08,6.700000110271276e-09
1775653439.0061364,2026-04-08 14:03:59.006136,0.21799999475479126,4.480000015405494e-08,2.3000000126671694e-08,3.899999967416079e-08,1.2200000121254106e-08,6.730000112753487e-09
1775653441.0658693,2026-04-08 14:04:01.065869,0.21799999475479126,4.480000015405494e-08,2.3000000126671694e-08,3.8100001376051296e-08,1.2200000121254106e-08,6.690000109443872e-09
1775653443.1274557,2026-04-08 14:04:03.127456,0.21799999475479126,4.480000015405494e-08,2.3000000126671694e-08,3.870000142569552e-08,1.240000013780218e-08,6.730000112753487e-09
1775653445.1896782,2026-04-08 14:04:05.189678,0.21799999475479126,4.4699998369424065e-08,2.3000000126671694e-08,3.8500001409147444e-08,1.2200000121254106e-08,6.690000109443872e-09
1775653447.22033,2026-04-08 14:04:07.220330,0.21799999475479126,4.4699998369424065e-08,2.3000000126671694e-08,3.839999962451657e-08,1.2200000121254106e-08,6.650000106134257e-09
1775653449.2837183,2026-04-08 14:04:09.283718,0.21799999475479126,4.480000015405494e-08,2.3000000126671694e-08,3.890000144224359e-08,1.210000011298007e-08,6.760000115235698e-09
1775653451.3488226,2026-04-08 14:04:11.348823,0.21799999475479126,4.489999838597214e-08,2.3000000126671694e-08,3.870000142569552e-08,1.2200000121254106e-08,6.700000110271276e-09
1775653453.3698423,2026-04-08 14:04:13.369842,0.21799999475479126,4.480000015405494e-08,2.3000000126671694e-08,3.830000139259937e-08,1.2200000121254106e-08,6.730000112753487e-09
1775653455.4277766,2026-04-08 14:04:15.427777,0.21799999475479126,4.480000015405494e-08,2.3000000126671694e-08,3.830000139259937e-08,1.2200000121254106e-08,6.730000112753487e-09
1775653457.4712658,2026-04-08 14:04:17.471266,0.21799999475479126,4.4699998369424065e-08,2.3000000126671694e-08,3.899999967416079e-08,1.2200000121254106e-08,6.6800001086164684e-09
1775653459.5368607,2026-04-08 14:04:19.536861,0.21799999475479126,4.480000015405494e-08,2.3000000126671694e-08,3.930000147533974e-08,1.2200000121254106e-08,6.670000107789065e-09
1775653461.5968833,2026-04-08 14:04:21.596883,0.21799999475479126,4.480000015405494e-08,2.3000000126671694e-08,3.890000144224359e-08,1.2300000129528144e-08,6.730000112753487e-09
1775653463.6494443,2026-04-08 14:04:23.649444,0.21799999475479126,4.480000015405494e-08,2.3000000126671694e-08,3.959999972380501e-08,1.2300000129528144e-08,6.720000111926083e-09
1775653465.7237172,2026-04-08 14:04:25.723717,0.21799999475479126,4.480000015405494e-08,2.3000000126671694e-08,3.8799999657612716e-08,1.2200000121254106e-08,6.690000109443872e-09
1775653467.7684562,2026-04-08 14:04:27.768456,0.21799999475479126,4.480000015405494e-08,2.3000000126671694e-08,3.839999962451657e-08,1.2200000121254106e-08,6.720000111926083e-09
1775653469.8193893,2026-04-08 14:04:29.819389,0.21799999475479126,4.480000015405494e-08,2.3000000126671694e-08,3.930000147533974e-08,1.2200000121254106e-08,6.690000109443872e-09
1775653471.8618524,2026-04-08 14:04:31.861852,0.21799999475479126,4.480000015405494e-08,2.3000000126671694e-08,3.890000144224359e-08,1.2200000121254106e-08,6.6800001086164684e-09
1775653473.8939106,2026-04-08 14:04:33.893911,0.21799999475479126,4.480000015405494e-08,2.3000000126671694e-08,3.8100001376051296e-08,1.2200000121254106e-08,6.6800001086164684e-09
1775653475.940625,2026-04-08 14:04:35.940625,0.21799999475479126,4.480000015405494e-08,2.3000000126671694e-08,3.859999964106464e-08,1.2200000121254106e-08,6.720000111926083e-09
1775653477.9910016,2026-04-08 14:04:37.991002,0.21799999475479126,4.480000015405494e-08,2.3000000126671694e-08,3.830000139259937e-08,1.2200000121254106e-08,6.730000112753487e-09
1775653480.0234737,2026-04-08 14:04:40.023474,0.21799999475479126,4.480000015405494e-08,2.3000000126671694e-08,3.930000147533974e-08,1.2200000121254106e-08,6.660000106961661e-09
1775653482.0811396,2026-04-08 14:04:42.081140,0.21799999475479126,4.480000015405494e-08,2.3000000126671694e-08,3.9100001458791667e-08,1.2300000129528144e-08,6.730000112753487e-09
1775653484.1115978,2026-04-08 14:04:44.111598,0.21799999475479126,4.480000015405494e-08,2.3000000126671694e-08,3.8500001409147444e-08,1.2300000129528144e-08,6.760000115235698e-09
1775653486.1456153,2026-04-08 14:04:46.145615,0.21799999475479126,4.4699998369424065e-08,2.3000000126671694e-08,3.899999967416079e-08,1.2200000121254106e-08,6.7100001110986796e-09
1775653488.1943922,2026-04-08 14:04:48.194392,0.21799999475479126,4.480000015405494e-08,2.3000000126671694e-08,3.899999967416079e-08,1.2200000121254106e-08,6.730000112753487e-09
1775653490.2523062,2026-04-08 14:04:50.252306,0.21799999475479126,4.480000015405494e-08,2.3000000126671694e-08,3.9199999690708864e-08,1.2200000121254106e-08,6.730000112753487e-09
1775653492.2998273,2026-04-08 14:04:52.299827,0.21799999475479126,4.480000015405494e-08,2.3000000126671694e-08,3.870000142569552e-08,1.2200000121254106e-08,6.720000111926083e-09
1775653494.3639216,2026-04-08 14:04:54.363922,0.21799999475479126,4.480000015405494e-08,2.3000000126671694e-08,3.959999972380501e-08,1.2200000121254106e-08,6.670000107789065e-09
1775653496.4112911,2026-04-08 14:04:56.411291,0.21799999475479126,4.480000015405494e-08,2.3000000126671694e-08,3.830000139259937e-08,1.2200000121254106e-08,6.7100001110986796e-09
1775653498.470017,2026-04-08 14:04:58.470017,0.21799999475479126,4.4699998369424065e-08,2.3000000126671694e-08,3.890000144224359e-08,1.2200000121254106e-08,6.700000110271276e-09
1775653500.519815,2026-04-08 14:05:00.519815,0.21799999475479126,4.480000015405494e-08,2.3000000126671694e-08,3.9199999690708864e-08,1.2200000121254106e-08,6.760000115235698e-09
1775653502.595887,2026-04-08 14:05:02.595887,0.21799999475479126,4.480000015405494e-08,2.3000000126671694e-08,3.859999964106464e-08,1.2200000121254106e-08,6.7100001110986796e-09
1775653504.6580791,2026-04-08 14:05:04.658079,0.21799999475479126,4.480000015405494e-08,2.3000000126671694e-08,3.870000142569552e-08,1.2200000121254106e-08,6.750000114408294e-09
1775653506.6936414,2026-04-08 14:05:06.693641,0.21799999475479126,4.489999838597214e-08,2.3000000126671694e-08,3.859999964106464e-08,1.2300000129528144e-08,6.740000113580891e-09
1775653508.7684224,2026-04-08 14:05:08.768422,0.21799999475479126,4.489999838597214e-08,2.3000000126671694e-08,3.8100001376051296e-08,1.2200000121254106e-08,6.720000111926083e-09
1775653510.8303368,2026-04-08 14:05:10.830337,0.21799999475479126,4.480000015405494e-08,2.3000000126671694e-08,3.830000139259937e-08,1.2300000129528144e-08,6.750000114408294e-09
1775653512.865202,2026-04-08 14:05:12.865202,0.21799999475479126,4.480000015405494e-08,2.3000000126671694e-08,3.8500001409147444e-08,1.2200000121254106e-08,6.720000111926083e-09
1775653514.9271538,2026-04-08 14:05:14.927154,0.21799999475479126,4.480000015405494e-08,2.3000000126671694e-08,3.870000142569552e-08,1.2200000121254106e-08,6.750000114408294e-09
1775653516.97124,2026-04-08 14:05:16.971240,0.21799999475479126,4.480000015405494e-08,2.3000000126671694e-08,3.870000142569552e-08,1.2200000121254106e-08,6.740000113580891e-09
1775653519.0392783,2026-04-08 14:05:19.039278,0.21799999475479126,4.480000015405494e-08,2.3000000126671694e-08,3.939999970725694e-08,1.2200000121254106e-08,6.690000109443872e-09
1775653521.1121874,2026-04-08 14:05:21.112187,0.21799999475479126,4.480000015405494e-08,2.3000000126671694e-08,3.859999964106464e-08,1.2300000129528144e-08,6.720000111926083e-09
1775653523.1435835,2026-04-08 14:05:23.143584,0.21799999475479126,4.480000015405494e-08,2.3000000126671694e-08,3.8100001376051296e-08,1.2200000121254106e-08,6.690000109443872e-09
1775653525.2102923,2026-04-08 14:05:25.210292,0.21799999475479126,4.480000015405494e-08,2.3000000126671694e-08,3.899999967416079e-08,1.2300000129528144e-08,6.750000114408294e-09
1775653527.2572699,2026-04-08 14:05:27.257270,0.21799999475479126,4.489999838597214e-08,2.3000000126671694e-08,3.839999962451657e-08,1.2300000129528144e-08,6.650000106134257e-09
1775653529.3312109,2026-04-08 14:05:29.331211,0.21799999475479126,4.489999838597214e-08,2.3000000126671694e-08,3.839999962451657e-08,1.2200000121254106e-08,6.720000111926083e-09
1775653531.3940117,2026-04-08 14:05:31.394012,0.21799999475479126,4.480000015405494e-08,2.3000000126671694e-08,3.859999964106464e-08,1.2300000129528144e-08,6.730000112753487e-09
1775653533.442578,2026-04-08 14:05:33.442578,0.21799999475479126,4.480000015405494e-08,2.3000000126671694e-08,3.899999967416079e-08,1.2200000121254106e-08,6.750000114408294e-09
1775653535.517979,2026-04-08 14:05:35.517979,0.21799999475479126,4.480000015405494e-08,2.3000000126671694e-08,3.890000144224359e-08,1.2300000129528144e-08,6.750000114408294e-09
1775653537.5684962,2026-04-08 14:05:37.568496,0.21799999475479126,4.480000015405494e-08,2.3000000126671694e-08,3.890000144224359e-08,1.2200000121254106e-08,6.670000107789065e-09
1775653539.5954845,2026-04-08 14:05:39.595484,0.21799999475479126,4.480000015405494e-08,2.3000000126671694e-08,3.890000144224359e-08,1.2200000121254106e-08,6.740000113580891e-09
1775653541.6605437,2026-04-08 14:05:41.660544,0.21799999475479126,4.489999838597214e-08,2.3000000126671694e-08,3.890000144224359e-08,1.2200000121254106e-08,6.730000112753487e-09
1775653543.7061627,2026-04-08 14:05:43.706163,0.21799999475479126,4.480000015405494e-08,2.3000000126671694e-08,3.870000142569552e-08,1.2300000129528144e-08,6.720000111926083e-09
1775653545.7551613,2026-04-08 14:05:45.755161,0.21799999475479126,4.480000015405494e-08,2.3000000126671694e-08,3.839999962451657e-08,1.2200000121254106e-08,6.740000113580891e-09
1775653547.8296063,2026-04-08 14:05:47.829606,0.21799999475479126,4.480000015405494e-08,2.3000000126671694e-08,3.9100001458791667e-08,1.2200000121254106e-08,6.700000110271276e-09
1775653549.8641691,2026-04-08 14:05:49.864169,0.21799999475479126,4.480000015405494e-08,2.310000013494573e-08,3.8500001409147444e-08,1.2200000121254106e-08,6.760000115235698e-09
1775653551.9270647,2026-04-08 14:05:51.927065,0.21799999475479126,4.480000015405494e-08,2.3000000126671694e-08,3.839999962451657e-08,1.2200000121254106e-08,6.740000113580891e-09
1775653553.9630392,2026-04-08 14:05:53.963039,0.21799999475479126,4.480000015405494e-08,2.310000013494573e-08,3.839999962451657e-08,1.2300000129528144e-08,6.740000113580891e-09
1775653556.01983,2026-04-08 14:05:56.019830,0.21799999475479126,4.480000015405494e-08,2.3000000126671694e-08,3.8799999657612716e-08,1.2200000121254106e-08,6.720000111926083e-09
1775653558.068762,2026-04-08 14:05:58.068762,0.21799999475479126,4.489999838597214e-08,2.3000000126671694e-08,3.8799999657612716e-08,1.2300000129528144e-08,6.790000117717909e-09
1775653560.0986335,2026-04-08 14:06:00.098634,0.21799999475479126,4.489999838597214e-08,2.3000000126671694e-08,3.8799999657612716e-08,1.2300000129528144e-08,6.700000110271276e-09
1775653562.1441038,2026-04-08 14:06:02.144104,0.21799999475479126,4.489999838597214e-08,2.3000000126671694e-08,3.9100001458791667e-08,1.2200000121254106e-08,6.700000110271276e-09
1775653564.1988552,2026-04-08 14:06:04.198855,0.21799999475479126,4.480000015405494e-08,2.3000000126671694e-08,3.870000142569552e-08,1.2200000121254106e-08,6.6800001086164684e-09
1775653566.2366824,2026-04-08 14:06:06.236682,0.21799999475479126,4.489999838597214e-08,2.3000000126671694e-08,3.8100001376051296e-08,1.2200000121254106e-08,6.670000107789065e-09
1775653568.2882075,2026-04-08 14:06:08.288208,0.21799999475479126,4.480000015405494e-08,2.310000013494573e-08,3.870000142569552e-08,1.2200000121254106e-08,6.700000110271276e-09
1775653570.3368232,2026-04-08 14:06:10.336823,0.21799999475479126,4.489999838597214e-08,2.310000013494573e-08,3.8799999657612716e-08,1.2200000121254106e-08,6.7100001110986796e-09
1775653572.3763654,2026-04-08 14:06:12.376365,0.21799999475479126,4.480000015405494e-08,2.3000000126671694e-08,3.8100001376051296e-08,1.2200000121254106e-08,6.750000114408294e-09
1775653574.4083047,2026-04-08 14:06:14.408305,0.21799999475479126,4.480000015405494e-08,2.310000013494573e-08,3.870000142569552e-08,1.240000013780218e-08,6.660000106961661e-09
1775653576.4609008,2026-04-08 14:06:16.460901,0.21799999475479126,4.480000015405494e-08,2.3000000126671694e-08,3.830000139259937e-08,1.2200000121254106e-08,6.7100001110986796e-09
1775653578.5024357,2026-04-08 14:06:18.502436,0.21799999475479126,4.489999838597214e-08,2.310000013494573e-08,3.790000135950322e-08,1.2200000121254106e-08,6.740000113580891e-09
1775653580.5482123,2026-04-08 14:06:20.548212,0.21799999475479126,4.489999838597214e-08,2.3000000126671694e-08,3.9199999690708864e-08,1.2200000121254106e-08,6.750000114408294e-09
1775653582.579584,2026-04-08 14:06:22.579584,0.21799999475479126,4.489999838597214e-08,2.3000000126671694e-08,3.859999964106464e-08,1.2300000129528144e-08,6.760000115235698e-09
1775653584.6123688,2026-04-08 14:06:24.612369,0.21799999475479126,4.489999838597214e-08,2.310000013494573e-08,3.830000139259937e-08,1.2200000121254106e-08,6.7100001110986796e-09
1775653586.675026,2026-04-08 14:06:26.675026,0.21799999475479126,4.489999838597214e-08,2.310000013494573e-08,3.890000144224359e-08,1.2300000129528144e-08,6.720000111926083e-09
1775653588.7208626,2026-04-08 14:06:28.720863,0.21799999475479126,4.489999838597214e-08,2.310000013494573e-08,3.959999972380501e-08,1.2200000121254106e-08,6.7100001110986796e-09
1775653590.8021665,2026-04-08 14:06:30.802166,0.21799999475479126,4.489999838597214e-08,2.310000013494573e-08,3.859999964106464e-08,1.2200000121254106e-08,6.700000110271276e-09
1775653592.8425446,2026-04-08 14:06:32.842545,0.21799999475479126,4.480000015405494e-08,2.310000013494573e-08,3.890000144224359e-08,1.2200000121254106e-08,6.750000114408294e-09
1775653594.879421,2026-04-08 14:06:34.879421,0.21799999475479126,4.489999838597214e-08,2.310000013494573e-08,3.859999964106464e-08,1.2200000121254106e-08,6.720000111926083e-09
1775653596.942143,2026-04-08 14:06:36.942143,0.21799999475479126,4.489999838597214e-08,2.310000013494573e-08,3.790000135950322e-08,1.2300000129528144e-08,6.730000112753487e-09
1775653598.9879274,2026-04-08 14:06:38.987927,0.21799999475479126,4.489999838597214e-08,2.310000013494573e-08,3.9100001458791667e-08,1.2200000121254106e-08,6.730000112753487e-09
1775653601.0672002,2026-04-08 14:06:41.067200,0.21799999475479126,4.489999838597214e-08,2.3000000126671694e-08,3.9100001458791667e-08,1.2300000129528144e-08,6.730000112753487e-09
1775653603.115405,2026-04-08 14:06:43.115405,0.21799999475479126,4.489999838597214e-08,2.310000013494573e-08,3.970000150843589e-08,1.2200000121254106e-08,6.730000112753487e-09
1775653605.1787844,2026-04-08 14:06:45.178784,0.21799999475479126,4.489999838597214e-08,2.3000000126671694e-08,3.899999967416079e-08,1.2300000129528144e-08,6.730000112753487e-09
1775653607.2049234,2026-04-08 14:06:47.204923,0.21799999475479126,4.489999838597214e-08,2.310000013494573e-08,3.8799999657612716e-08,1.2300000129528144e-08,6.7100001110986796e-09
1775653609.2620838,2026-04-08 14:06:49.262084,0.21799999475479126,4.5000000170603016e-08,2.310000013494573e-08,3.8500001409147444e-08,1.210000011298007e-08,6.750000114408294e-09
1775653611.3024163,2026-04-08 14:06:51.302416,0.21799999475479126,4.489999838597214e-08,2.310000013494573e-08,3.9500001491887815e-08,1.2200000121254106e-08,6.7100001110986796e-09
1775653613.3496501,2026-04-08 14:06:53.349650,0.21799999475479126,4.489999838597214e-08,2.310000013494573e-08,3.799999959142042e-08,1.2300000129528144e-08,6.720000111926083e-09
1775653615.4218252,2026-04-08 14:06:55.421825,0.21799999475479126,4.489999838597214e-08,2.310000013494573e-08,3.9199999690708864e-08,1.2300000129528144e-08,6.760000115235698e-09
1775653617.4604964,2026-04-08 14:06:57.460496,0.21799999475479126,4.489999838597214e-08,2.3000000126671694e-08,3.8500001409147444e-08,1.2200000121254106e-08,6.750000114408294e-09
1775653619.5199227,2026-04-08 14:06:59.519923,0.21799999475479126,4.489999838597214e-08,2.310000013494573e-08,3.9100001458791667e-08,1.2200000121254106e-08,6.730000112753487e-09
1775653621.566146,2026-04-08 14:07:01.566146,0.21799999475479126,4.489999838597214e-08,2.310000013494573e-08,3.890000144224359e-08,1.2200000121254106e-08,6.7800001168905055e-09
1775653623.6124833,2026-04-08 14:07:03.612483,0.21799999475479126,4.489999838597214e-08,2.310000013494573e-08,3.930000147533974e-08,1.2200000121254106e-08,6.730000112753487e-09
1775653625.6794765,2026-04-08 14:07:05.679476,0.21799999475479126,4.489999838597214e-08,2.310000013494573e-08,3.859999964106464e-08,1.2300000129528144e-08,6.690000109443872e-09
1775653627.7231643,2026-04-08 14:07:07.723164,0.21799999475479126,4.489999838597214e-08,2.310000013494573e-08,3.839999962451657e-08,1.2200000121254106e-08,6.760000115235698e-09
1775653629.7883744,2026-04-08 14:07:09.788374,0.21799999475479126,4.489999838597214e-08,2.310000013494573e-08,3.859999964106464e-08,1.2300000129528144e-08,6.770000116063102e-09
1775653631.8163438,2026-04-08 14:07:11.816344,0.21799999475479126,4.489999838597214e-08,2.310000013494573e-08,3.830000139259937e-08,1.2300000129528144e-08,6.6800001086164684e-09
1775653633.86528,2026-04-08 14:07:13.865280,0.21799999475479126,4.489999838597214e-08,2.310000013494573e-08,3.830000139259937e-08,1.240000013780218e-08,6.7100001110986796e-09
1775653635.9182596,2026-04-08 14:07:15.918260,0.21799999475479126,4.489999838597214e-08,2.310000013494573e-08,3.830000139259937e-08,1.2300000129528144e-08,6.760000115235698e-09
1775653637.9727736,2026-04-08 14:07:17.972774,0.21799999475479126,4.489999838597214e-08,2.310000013494573e-08,3.899999967416079e-08,1.2300000129528144e-08,6.800000118545313e-09
1775653640.0338924,2026-04-08 14:07:20.033892,0.21799999475479126,4.489999838597214e-08,2.310000013494573e-08,3.8500001409147444e-08,1.2200000121254106e-08,6.690000109443872e-09
1775653642.0839677,2026-04-08 14:07:22.083968,0.21799999475479126,4.5000000170603016e-08,2.310000013494573e-08,3.839999962451657e-08,1.2200000121254106e-08,6.730000112753487e-09
1775653644.1439507,2026-04-08 14:07:24.143951,0.21799999475479126,4.489999838597214e-08,2.310000013494573e-08,3.9100001458791667e-08,1.2300000129528144e-08,6.7100001110986796e-09
1775653646.2109323,2026-04-08 14:07:26.210932,0.21799999475479126,4.489999838597214e-08,2.310000013494573e-08,3.8500001409147444e-08,1.2200000121254106e-08,6.770000116063102e-09
1775653648.2701633,2026-04-08 14:07:28.270163,0.21799999475479126,4.489999838597214e-08,2.310000013494573e-08,3.870000142569552e-08,1.2200000121254106e-08,6.730000112753487e-09
1775653650.3141892,2026-04-08 14:07:30.314189,0.21799999475479126,4.489999838597214e-08,2.310000013494573e-08,3.899999967416079e-08,1.2200000121254106e-08,6.720000111926083e-09
1775653652.3489013,2026-04-08 14:07:32.348901,0.21799999475479126,4.489999838597214e-08,2.310000013494573e-08,3.899999967416079e-08,1.2200000121254106e-08,6.700000110271276e-09
1775653654.3956,2026-04-08 14:07:34.395600,0.21799999475479126,4.5000000170603016e-08,2.310000013494573e-08,3.9199999690708864e-08,1.2200000121254106e-08,6.700000110271276e-09
1775653656.4287124,2026-04-08 14:07:36.428712,0.21799999475479126,4.5000000170603016e-08,2.310000013494573e-08,3.899999967416079e-08,1.2200000121254106e-08,6.740000113580891e-09
1775653658.4711037,2026-04-08 14:07:38.471104,0.21799999475479126,4.5000000170603016e-08,2.310000013494573e-08,3.839999962451657e-08,1.2200000121254106e-08,6.690000109443872e-09
1775653660.5202594,2026-04-08 14:07:40.520259,0.21799999475479126,4.489999838597214e-08,2.310000013494573e-08,3.830000139259937e-08,1.2300000129528144e-08,6.7100001110986796e-09
1775653662.5640116,2026-04-08 14:07:42.564012,0.21799999475479126,4.489999838597214e-08,2.310000013494573e-08,3.8500001409147444e-08,1.2300000129528144e-08,6.730000112753487e-09
1775653664.5980136,2026-04-08 14:07:44.598014,0.21799999475479126,4.489999838597214e-08,2.310000013494573e-08,3.8799999657612716e-08,1.2200000121254106e-08,6.800000118545313e-09
1775653666.662455,2026-04-08 14:07:46.662455,0.21799999475479126,4.489999838597214e-08,2.310000013494573e-08,3.859999964106464e-08,1.2200000121254106e-08,6.740000113580891e-09
1775653668.709267,2026-04-08 14:07:48.709267,0.21799999475479126,4.489999838597214e-08,2.310000013494573e-08,3.899999967416079e-08,1.2300000129528144e-08,6.690000109443872e-09
1775653670.769904,2026-04-08 14:07:50.769904,0.21799999475479126,4.5000000170603016e-08,2.310000013494573e-08,3.9100001458791667e-08,1.2300000129528144e-08,6.700000110271276e-09
1775653672.8030365,2026-04-08 14:07:52.803036,0.21799999475479126,4.489999838597214e-08,2.310000013494573e-08,3.839999962451657e-08,1.2200000121254106e-08,6.730000112753487e-09
1775653674.8496869,2026-04-08 14:07:54.849687,0.21799999475479126,4.5000000170603016e-08,2.310000013494573e-08,3.870000142569552e-08,1.2200000121254106e-08,6.720000111926083e-09
1775653676.9095702,2026-04-08 14:07:56.909570,0.21799999475479126,4.489999838597214e-08,2.310000013494573e-08,3.870000142569552e-08,1.2300000129528144e-08,6.740000113580891e-09
1775653678.9626117,2026-04-08 14:07:58.962612,0.21799999475479126,4.5000000170603016e-08,2.310000013494573e-08,3.9199999690708864e-08,1.2300000129528144e-08,6.800000118545313e-09
1775653681.0178,2026-04-08 14:08:01.017800,0.21799999475479126,4.489999838597214e-08,2.310000013494573e-08,3.899999967416079e-08,1.2200000121254106e-08,6.730000112753487e-09
1775653683.0802467,2026-04-08 14:08:03.080247,0.21799999475479126,4.5000000170603016e-08,2.310000013494573e-08,3.8799999657612716e-08,1.2200000121254106e-08,6.760000115235698e-09
1775653685.130778,2026-04-08 14:08:05.130778,0.21799999475479126,4.489999838597214e-08,2.310000013494573e-08,3.870000142569552e-08,1.2300000129528144e-08,6.740000113580891e-09
1775653687.1744733,2026-04-08 14:08:07.174473,0.21799999475479126,4.489999838597214e-08,2.310000013494573e-08,3.890000144224359e-08,1.2300000129528144e-08,6.730000112753487e-09
1775653689.231216,2026-04-08 14:08:09.231216,0.21799999475479126,4.5000000170603016e-08,2.310000013494573e-08,3.830000139259937e-08,1.2300000129528144e-08,6.7100001110986796e-09
1775653691.2826078,2026-04-08 14:08:11.282608,0.21799999475479126,4.489999838597214e-08,2.310000013494573e-08,3.9199999690708864e-08,1.2200000121254106e-08,6.7100001110986796e-09
1775653693.3473685,2026-04-08 14:08:13.347368,0.21799999475479126,4.5000000170603016e-08,2.310000013494573e-08,3.930000147533974e-08,1.2200000121254106e-08,6.760000115235698e-09
1775653695.3793218,2026-04-08 14:08:15.379322,0.21799999475479126,4.489999838597214e-08,2.310000013494573e-08,3.939999970725694e-08,1.2300000129528144e-08,6.720000111926083e-09
1775653697.4416938,2026-04-08 14:08:17.441694,0.21799999475479126,4.5000000170603016e-08,2.310000013494573e-08,3.9199999690708864e-08,1.2200000121254106e-08,6.750000114408294e-09
1775653699.5029771,2026-04-08 14:08:19.502977,0.21799999475479126,4.489999838597214e-08,2.310000013494573e-08,3.930000147533974e-08,1.2200000121254106e-08,6.750000114408294e-09
1775653701.537334,2026-04-08 14:08:21.537334,0.21799999475479126,4.489999838597214e-08,2.310000013494573e-08,3.9199999690708864e-08,1.2200000121254106e-08,6.760000115235698e-09
1775653703.5812616,2026-04-08 14:08:23.581262,0.21799999475479126,4.489999838597214e-08,2.310000013494573e-08,3.859999964106464e-08,1.2200000121254106e-08,6.750000114408294e-09
1775653705.6287425,2026-04-08 14:08:25.628742,0.21799999475479126,4.5000000170603016e-08,2.310000013494573e-08,3.890000144224359e-08,1.2300000129528144e-08,6.720000111926083e-09
1775653707.6894295,2026-04-08 14:08:27.689430,0.21799999475479126,4.489999838597214e-08,2.310000013494573e-08,3.870000142569552e-08,1.2200000121254106e-08,6.700000110271276e-09
1775653709.7389069,2026-04-08 14:08:29.738907,0.21799999475479126,4.489999838597214e-08,2.310000013494573e-08,3.899999967416079e-08,1.2300000129528144e-08,6.760000115235698e-09
1775653711.8035576,2026-04-08 14:08:31.803558,0.21799999475479126,4.489999838597214e-08,2.310000013494573e-08,3.930000147533974e-08,1.2300000129528144e-08,6.790000117717909e-09
1775653713.877288,2026-04-08 14:08:33.877288,0.21799999475479126,4.489999838597214e-08,2.310000013494573e-08,3.839999962451657e-08,1.2300000129528144e-08,6.730000112753487e-09
1775653715.9410124,2026-04-08 14:08:35.941012,0.21799999475479126,4.5000000170603016e-08,2.310000013494573e-08,3.9100001458791667e-08,1.2300000129528144e-08,6.700000110271276e-09
1775653717.9937677,2026-04-08 14:08:37.993768,0.21799999475479126,4.489999838597214e-08,2.310000013494573e-08,3.839999962451657e-08,1.2200000121254106e-08,6.720000111926083e-09
1775653720.0507789,2026-04-08 14:08:40.050779,0.21799999475479126,4.5000000170603016e-08,2.310000013494573e-08,3.859999964106464e-08,1.2300000129528144e-08,6.730000112753487e-09
1775653722.096973,2026-04-08 14:08:42.096973,0.21799999475479126,4.489999838597214e-08,2.310000013494573e-08,3.9199999690708864e-08,1.2300000129528144e-08,6.750000114408294e-09
1775653724.1595109,2026-04-08 14:08:44.159511,0.21799999475479126,4.5000000170603016e-08,2.310000013494573e-08,3.870000142569552e-08,1.2200000121254106e-08,6.7100001110986796e-09
1775653726.2214441,2026-04-08 14:08:46.221444,0.21799999475479126,4.489999838597214e-08,2.310000013494573e-08,3.9199999690708864e-08,1.2200000121254106e-08,6.740000113580891e-09
1775653728.2731683,2026-04-08 14:08:48.273168,0.21799999475479126,4.489999838597214e-08,2.310000013494573e-08,3.899999967416079e-08,1.2300000129528144e-08,6.760000115235698e-09
1775653730.3320396,2026-04-08 14:08:50.332040,0.21799999475479126,4.5000000170603016e-08,2.310000013494573e-08,3.8500001409147444e-08,1.2300000129528144e-08,6.730000112753487e-09
1775653732.3783758,2026-04-08 14:08:52.378376,0.21799999475479126,4.489999838597214e-08,2.310000013494573e-08,3.9100001458791667e-08,1.2200000121254106e-08,6.750000114408294e-09
1775653734.4399362,2026-04-08 14:08:54.439936,0.21799999475479126,4.489999838597214e-08,2.310000013494573e-08,3.870000142569552e-08,1.2300000129528144e-08,6.730000112753487e-09
1775653736.4878132,2026-04-08 14:08:56.487813,0.21799999475479126,4.5000000170603016e-08,2.310000013494573e-08,3.8199999607968493e-08,1.2300000129528144e-08,6.760000115235698e-09
1775653738.565408,2026-04-08 14:08:58.565408,0.21799999475479126,4.5000000170603016e-08,2.310000013494573e-08,3.839999962451657e-08,1.2200000121254106e-08,6.7100001110986796e-09
1775653740.6153631,2026-04-08 14:09:00.615363,0.21799999475479126,4.489999838597214e-08,2.310000013494573e-08,3.859999964106464e-08,1.2300000129528144e-08,6.7800001168905055e-09
1775653742.67863,2026-04-08 14:09:02.678630,0.21799999475479126,4.489999838597214e-08,2.310000013494573e-08,3.870000142569552e-08,1.2300000129528144e-08,6.770000116063102e-09
1775653744.7240582,2026-04-08 14:09:04.724058,0.21799999475479126,4.489999838597214e-08,2.310000013494573e-08,3.899999967416079e-08,1.2300000129528144e-08,6.7800001168905055e-09
1775653746.7875342,2026-04-08 14:09:06.787534,0.21799999475479126,4.5000000170603016e-08,2.310000013494573e-08,3.839999962451657e-08,1.2300000129528144e-08,6.720000111926083e-09
1775653748.8228486,2026-04-08 14:09:08.822849,0.21799999475479126,4.5000000170603016e-08,2.310000013494573e-08,3.859999964106464e-08,1.2300000129528144e-08,6.720000111926083e-09
1775653750.879979,2026-04-08 14:09:10.879979,0.21799999475479126,4.489999838597214e-08,2.310000013494573e-08,3.859999964106464e-08,1.2200000121254106e-08,6.750000114408294e-09
1775653752.9405007,2026-04-08 14:09:12.940501,0.21799999475479126,4.5000000170603016e-08,2.310000013494573e-08,3.859999964106464e-08,1.3000000187446403e-08,6.720000111926083e-09
1775653754.978296,2026-04-08 14:09:14.978296,0.21799999475479126,4.5099998402520214e-08,2.310000013494573e-08,3.9500001491887815e-08,1.2300000129528144e-08,6.6800001086164684e-09
1775653757.0724695,2026-04-08 14:09:17.072469,0.21799999475479126,4.489999838597214e-08,2.310000013494573e-08,3.899999967416079e-08,1.2300000129528144e-08,6.760000115235698e-09
1775653759.1131613,2026-04-08 14:09:19.113161,0.21799999475479126,4.5000000170603016e-08,2.310000013494573e-08,3.890000144224359e-08,1.2300000129528144e-08,6.740000113580891e-09
1775653761.1752489,2026-04-08 14:09:21.175249,0.21799999475479126,4.5000000170603016e-08,2.310000013494573e-08,3.859999964106464e-08,1.2300000129528144e-08,6.720000111926083e-09
1775653763.2239676,2026-04-08 14:09:23.223968,0.21799999475479126,4.5000000170603016e-08,2.310000013494573e-08,3.839999962451657e-08,1.2700000162624292e-08,6.760000115235698e-09
1775653765.2681246,2026-04-08 14:09:25.268125,0.21799999475479126,4.489999838597214e-08,2.310000013494573e-08,3.899999967416079e-08,1.2200000121254106e-08,6.750000114408294e-09
1775653767.2987633,2026-04-08 14:09:27.298763,0.21799999475479126,4.5000000170603016e-08,2.310000013494573e-08,3.9199999690708864e-08,1.2300000129528144e-08,6.730000112753487e-09
1775653769.345826,2026-04-08 14:09:29.345826,0.21799999475479126,4.5000000170603016e-08,2.310000013494573e-08,3.899999967416079e-08,1.2300000129528144e-08,6.7100001110986796e-09
1775653771.4130003,2026-04-08 14:09:31.413000,0.21799999475479126,4.5000000170603016e-08,2.310000013494573e-08,3.8500001409147444e-08,1.2300000129528144e-08,6.7800001168905055e-09
1775653773.473114,2026-04-08 14:09:33.473114,0.21799999475479126,4.5099998402520214e-08,2.310000013494573e-08,3.930000147533974e-08,1.2300000129528144e-08,6.770000116063102e-09
1775653775.519982,2026-04-08 14:09:35.519982,0.21799999475479126,4.489999838597214e-08,2.310000013494573e-08,3.870000142569552e-08,1.2300000129528144e-08,6.740000113580891e-09
1775653777.5661132,2026-04-08 14:09:37.566113,0.21799999475479126,4.5000000170603016e-08,2.310000013494573e-08,3.859999964106464e-08,1.2200000121254106e-08,6.760000115235698e-09
1775653779.6318357,2026-04-08 14:09:39.631836,0.21799999475479126,4.5000000170603016e-08,2.310000013494573e-08,3.899999967416079e-08,1.2300000129528144e-08,6.750000114408294e-09
1775653781.6891592,2026-04-08 14:09:41.689159,0.21799999475479126,4.5000000170603016e-08,2.3200000143219768e-08,3.859999964106464e-08,1.240000013780218e-08,6.7100001110986796e-09
1775653783.7539349,2026-04-08 14:09:43.753935,0.21799999475479126,4.489999838597214e-08,2.310000013494573e-08,3.899999967416079e-08,1.240000013780218e-08,6.720000111926083e-09
1775653785.8018684,2026-04-08 14:09:45.801868,0.21799999475479126,4.5000000170603016e-08,2.310000013494573e-08,3.8500001409147444e-08,1.2300000129528144e-08,6.790000117717909e-09
1775653787.8431911,2026-04-08 14:09:47.843191,0.21799999475479126,4.5000000170603016e-08,2.310000013494573e-08,3.870000142569552e-08,1.2200000121254106e-08,6.770000116063102e-09
1775653789.8965,2026-04-08 14:09:49.896500,0.21799999475479126,4.5099998402520214e-08,2.310000013494573e-08,3.8100001376051296e-08,1.2300000129528144e-08,6.750000114408294e-09
1775653791.9739573,2026-04-08 14:09:51.973957,0.21799999475479126,4.5000000170603016e-08,2.310000013494573e-08,3.870000142569552e-08,1.2300000129528144e-08,6.770000116063102e-09
1775653794.0215068,2026-04-08 14:09:54.021507,0.21799999475479126,4.5000000170603016e-08,2.310000013494573e-08,3.9199999690708864e-08,1.2200000121254106e-08,6.730000112753487e-09
1775653796.0675786,2026-04-08 14:09:56.067579,0.21799999475479126,4.5000000170603016e-08,2.310000013494573e-08,3.890000144224359e-08,1.2300000129528144e-08,6.730000112753487e-09
1775653798.1148438,2026-04-08 14:09:58.114844,0.21799999475479126,4.5000000170603016e-08,2.310000013494573e-08,3.899999967416079e-08,1.2300000129528144e-08,6.7100001110986796e-09
1775653800.175255,2026-04-08 14:10:00.175255,0.21799999475479126,4.5000000170603016e-08,2.310000013494573e-08,3.9100001458791667e-08,1.240000013780218e-08,6.730000112753487e-09
1775653802.2213173,2026-04-08 14:10:02.221317,0.21799999475479126,4.5000000170603016e-08,2.310000013494573e-08,3.870000142569552e-08,1.2300000129528144e-08,6.7100001110986796e-09
1775653804.285935,2026-04-08 14:10:04.285935,0.21799999475479126,4.5099998402520214e-08,2.310000013494573e-08,3.8199999607968493e-08,1.2300000129528144e-08,6.750000114408294e-09
1775653806.3293533,2026-04-08 14:10:06.329353,0.21799999475479126,4.5000000170603016e-08,2.310000013494573e-08,3.9199999690708864e-08,1.2300000129528144e-08,6.740000113580891e-09
1775653808.3785515,2026-04-08 14:10:08.378551,0.21799999475479126,4.5000000170603016e-08,2.310000013494573e-08,3.890000144224359e-08,1.2300000129528144e-08,6.720000111926083e-09
1775653810.4270117,2026-04-08 14:10:10.427012,0.21799999475479126,4.5000000170603016e-08,2.310000013494573e-08,3.939999970725694e-08,1.2300000129528144e-08,6.730000112753487e-09
1775653812.4725156,2026-04-08 14:10:12.472516,0.21799999475479126,4.5000000170603016e-08,2.3200000143219768e-08,3.9100001458791667e-08,1.2300000129528144e-08,6.7800001168905055e-09
1775653814.5214446,2026-04-08 14:10:14.521445,0.21799999475479126,4.5000000170603016e-08,2.3200000143219768e-08,3.839999962451657e-08,1.2300000129528144e-08,6.760000115235698e-09
1775653816.564626,2026-04-08 14:10:16.564626,0.21799999475479126,4.5000000170603016e-08,2.3200000143219768e-08,3.9199999690708864e-08,1.2300000129528144e-08,6.760000115235698e-09
1775653818.6445847,2026-04-08 14:10:18.644585,0.21799999475479126,4.5000000170603016e-08,2.3200000143219768e-08,3.930000147533974e-08,1.2300000129528144e-08,6.760000115235698e-09
1775653820.7053416,2026-04-08 14:10:20.705342,0.21799999475479126,4.5000000170603016e-08,2.310000013494573e-08,3.8500001409147444e-08,1.2300000129528144e-08,6.770000116063102e-09
1775653822.7512515,2026-04-08 14:10:22.751251,0.21799999475479126,4.5000000170603016e-08,2.3200000143219768e-08,3.9199999690708864e-08,1.2300000129528144e-08,6.790000117717909e-09
1775653824.80615,2026-04-08 14:10:24.806150,0.21799999475479126,4.5000000170603016e-08,2.3200000143219768e-08,3.890000144224359e-08,1.2300000129528144e-08,6.790000117717909e-09
1775653826.8793898,2026-04-08 14:10:26.879390,0.21799999475479126,4.5000000170603016e-08,2.3200000143219768e-08,3.9199999690708864e-08,1.2300000129528144e-08,6.7800001168905055e-09
1775653828.9238107,2026-04-08 14:10:28.923811,0.21799999475479126,4.5000000170603016e-08,2.3200000143219768e-08,3.9199999690708864e-08,1.2300000129528144e-08,6.760000115235698e-09
1775653830.9731126,2026-04-08 14:10:30.973113,0.21799999475479126,4.5000000170603016e-08,2.3200000143219768e-08,3.939999970725694e-08,1.2200000121254106e-08,6.730000112753487e-09
1775653833.0332992,2026-04-08 14:10:33.033299,0.21799999475479126,4.5000000170603016e-08,2.3200000143219768e-08,3.930000147533974e-08,1.2300000129528144e-08,6.770000116063102e-09
1775653835.0998657,2026-04-08 14:10:35.099866,0.21799999475479126,4.5000000170603016e-08,2.3200000143219768e-08,3.8500001409147444e-08,1.2300000129528144e-08,6.740000113580891e-09
1775653837.1627839,2026-04-08 14:10:37.162784,0.21799999475479126,4.5000000170603016e-08,2.3200000143219768e-08,3.9100001458791667e-08,1.2300000129528144e-08,6.750000114408294e-09
1775653839.2107463,2026-04-08 14:10:39.210746,0.21799999475479126,4.5099998402520214e-08,2.3200000143219768e-08,3.859999964106464e-08,1.2300000129528144e-08,6.730000112753487e-09
1775653841.2579277,2026-04-08 14:10:41.257928,0.21799999475479126,4.5000000170603016e-08,2.3200000143219768e-08,3.8199999607968493e-08,1.240000013780218e-08,6.750000114408294e-09
1775653843.3010979,2026-04-08 14:10:43.301098,0.21799999475479126,4.5000000170603016e-08,2.3200000143219768e-08,3.830000139259937e-08,1.2300000129528144e-08,6.750000114408294e-09
1775653845.3611996,2026-04-08 14:10:45.361200,0.21799999475479126,4.5000000170603016e-08,2.3200000143219768e-08,3.899999967416079e-08,1.2300000129528144e-08,6.760000115235698e-09
1775653847.4259932,2026-04-08 14:10:47.425993,0.21799999475479126,4.5000000170603016e-08,2.3200000143219768e-08,3.8799999657612716e-08,1.2300000129528144e-08,6.740000113580891e-09
1775653849.502058,2026-04-08 14:10:49.502058,0.21799999475479126,4.5000000170603016e-08,2.3200000143219768e-08,3.830000139259937e-08,1.2300000129528144e-08,6.770000116063102e-09
1775653851.5439305,2026-04-08 14:10:51.543931,0.21799999475479126,4.5000000170603016e-08,2.3200000143219768e-08,3.890000144224359e-08,1.2300000129528144e-08,6.730000112753487e-09
1775653853.6144598,2026-04-08 14:10:53.614460,0.21799999475479126,4.5099998402520214e-08,2.3200000143219768e-08,3.939999970725694e-08,1.2300000129528144e-08,6.750000114408294e-09
1775653855.6630628,2026-04-08 14:10:55.663063,0.21799999475479126,4.5000000170603016e-08,2.3200000143219768e-08,3.859999964106464e-08,1.2300000129528144e-08,6.7800001168905055e-09
1775653857.7061148,2026-04-08 14:10:57.706115,0.21799999475479126,4.5000000170603016e-08,2.3200000143219768e-08,3.939999970725694e-08,1.2300000129528144e-08,6.740000113580891e-09
1775653859.7679744,2026-04-08 14:10:59.767974,0.21799999475479126,4.5000000170603016e-08,2.3200000143219768e-08,3.930000147533974e-08,1.2300000129528144e-08,6.7800001168905055e-09
1775653861.8292742,2026-04-08 14:11:01.829274,0.21799999475479126,4.5000000170603016e-08,2.3200000143219768e-08,3.9199999690708864e-08,1.2300000129528144e-08,6.770000116063102e-09
1775653863.8803103,2026-04-08 14:11:03.880310,0.21799999475479126,4.5099998402520214e-08,2.3200000143219768e-08,3.8500001409147444e-08,1.2300000129528144e-08,6.760000115235698e-09
1775653865.9599977,2026-04-08 14:11:05.959998,0.21799999475479126,4.5000000170603016e-08,2.3200000143219768e-08,3.959999972380501e-08,1.2300000129528144e-08,6.740000113580891e-09
1775653867.9869285,2026-04-08 14:11:07.986928,0.21799999475479126,4.5000000170603016e-08,2.3200000143219768e-08,3.9100001458791667e-08,1.2300000129528144e-08,6.790000117717909e-09
1775653870.0498948,2026-04-08 14:11:10.049895,0.21799999475479126,4.5099998402520214e-08,2.3200000143219768e-08,3.8799999657612716e-08,1.2300000129528144e-08,6.790000117717909e-09
1775653872.11752,2026-04-08 14:11:12.117520,0.21799999475479126,4.5099998402520214e-08,2.3200000143219768e-08,3.9199999690708864e-08,1.2300000129528144e-08,6.760000115235698e-09
1775653874.176708,2026-04-08 14:11:14.176708,0.21799999475479126,4.5000000170603016e-08,2.3200000143219768e-08,3.9100001458791667e-08,1.2200000121254106e-08,6.7100001110986796e-09
1775653876.2557023,2026-04-08 14:11:16.255702,0.21799999475479126,4.5099998402520214e-08,2.3200000143219768e-08,3.939999970725694e-08,1.2300000129528144e-08,6.750000114408294e-09
1775653878.2852237,2026-04-08 14:11:18.285224,0.21799999475479126,4.5000000170603016e-08,2.3200000143219768e-08,3.890000144224359e-08,1.2300000129528144e-08,6.750000114408294e-09
1775653880.3172352,2026-04-08 14:11:20.317235,0.21799999475479126,4.5000000170603016e-08,2.3200000143219768e-08,3.839999962451657e-08,1.2300000129528144e-08,6.770000116063102e-09
1775653882.362166,2026-04-08 14:11:22.362166,0.21799999475479126,4.5099998402520214e-08,2.3200000143219768e-08,3.9100001458791667e-08,1.2300000129528144e-08,6.7100001110986796e-09
1775653884.4271927,2026-04-08 14:11:24.427193,0.21799999475479126,4.5000000170603016e-08,2.3200000143219768e-08,3.899999967416079e-08,1.2300000129528144e-08,6.760000115235698e-09
1775653886.4856772,2026-04-08 14:11:26.485677,0.21799999475479126,4.5099998402520214e-08,2.3200000143219768e-08,3.9199999690708864e-08,1.2300000129528144e-08,6.760000115235698e-09
1775653888.5368285,2026-04-08 14:11:28.536829,0.21799999475479126,4.520000018715109e-08,2.3200000143219768e-08,3.859999964106464e-08,1.2300000129528144e-08,6.750000114408294e-09
1775653890.5820374,2026-04-08 14:11:30.582037,0.21799999475479126,4.5099998402520214e-08,2.3200000143219768e-08,3.930000147533974e-08,1.2300000129528144e-08,6.740000113580891e-09
1775653892.6452677,2026-04-08 14:11:32.645268,0.21799999475479126,4.5000000170603016e-08,2.3200000143219768e-08,3.959999972380501e-08,1.2300000129528144e-08,6.800000118545313e-09
1775653894.7087495,2026-04-08 14:11:34.708750,0.21799999475479126,4.5099998402520214e-08,2.3200000143219768e-08,3.9100001458791667e-08,1.2300000129528144e-08,6.770000116063102e-09
1775653896.7634609,2026-04-08 14:11:36.763461,0.21799999475479126,4.5099998402520214e-08,2.3200000143219768e-08,3.999999975690116e-08,1.240000013780218e-08,6.750000114408294e-09
1775653898.8341079,2026-04-08 14:11:38.834108,0.21799999475479126,4.5000000170603016e-08,2.3200000143219768e-08,3.859999964106464e-08,1.240000013780218e-08,6.760000115235698e-09
1775653900.8948581,2026-04-08 14:11:40.894858,0.21799999475479126,4.520000018715109e-08,2.3200000143219768e-08,3.930000147533974e-08,1.2300000129528144e-08,6.760000115235698e-09
1775653902.9412117,2026-04-08 14:11:42.941212,0.21799999475479126,4.5099998402520214e-08,2.3200000143219768e-08,3.8799999657612716e-08,1.2300000129528144e-08,6.760000115235698e-09
1775653905.0175896,2026-04-08 14:11:45.017590,0.21799999475479126,4.5099998402520214e-08,2.3200000143219768e-08,3.8100001376051296e-08,1.2300000129528144e-08,6.730000112753487e-09
1775653907.0636437,2026-04-08 14:11:47.063644,0.21799999475479126,4.5099998402520214e-08,2.3200000143219768e-08,3.9199999690708864e-08,1.2300000129528144e-08,6.760000115235698e-09
1775653909.1130104,2026-04-08 14:11:49.113010,0.21799999475479126,4.520000018715109e-08,2.3200000143219768e-08,3.890000144224359e-08,1.2300000129528144e-08,6.7800001168905055e-09
1775653911.1584115,2026-04-08 14:11:51.158412,0.21799999475479126,4.5000000170603016e-08,2.3200000143219768e-08,3.939999970725694e-08,1.2300000129528144e-08,6.700000110271276e-09
1775653913.1975942,2026-04-08 14:11:53.197594,0.21799999475479126,4.5099998402520214e-08,2.3200000143219768e-08,3.870000142569552e-08,1.2800000170898329e-08,6.760000115235698e-09
1775653915.2558038,2026-04-08 14:11:55.255804,0.21799999475479126,4.5099998402520214e-08,2.3200000143219768e-08,3.890000144224359e-08,1.2300000129528144e-08,6.740000113580891e-09
1775653917.3023336,2026-04-08 14:11:57.302334,0.21799999475479126,4.520000018715109e-08,2.3200000143219768e-08,3.930000147533974e-08,1.2300000129528144e-08,6.7800001168905055e-09
1775653919.3643632,2026-04-08 14:11:59.364363,0.21799999475479126,4.5000000170603016e-08,2.3200000143219768e-08,3.8500001409147444e-08,1.2300000129528144e-08,6.800000118545313e-09
1775653921.4412289,2026-04-08 14:12:01.441229,0.21799999475479126,4.5099998402520214e-08,2.3200000143219768e-08,3.8199999607968493e-08,1.2300000129528144e-08,6.7800001168905055e-09
1775653923.494464,2026-04-08 14:12:03.494464,0.21799999475479126,4.5099998402520214e-08,2.3200000143219768e-08,3.9199999690708864e-08,1.2300000129528144e-08,6.7800001168905055e-09
1775653925.5380714,2026-04-08 14:12:05.538071,0.21799999475479126,4.5000000170603016e-08,2.3200000143219768e-08,3.930000147533974e-08,1.2300000129528144e-08,6.740000113580891e-09
1775653927.564813,2026-04-08 14:12:07.564813,0.21799999475479126,4.520000018715109e-08,2.3200000143219768e-08,3.9100001458791667e-08,1.2300000129528144e-08,6.740000113580891e-09
1775653929.5982811,2026-04-08 14:12:09.598281,0.21799999475479126,4.5000000170603016e-08,2.3200000143219768e-08,3.870000142569552e-08,1.240000013780218e-08,6.760000115235698e-09
1775653931.6620145,2026-04-08 14:12:11.662014,0.21799999475479126,4.5099998402520214e-08,2.3200000143219768e-08,3.9100001458791667e-08,1.2300000129528144e-08,6.760000115235698e-09
1775653933.7212873,2026-04-08 14:12:13.721287,0.21799999475479126,4.5099998402520214e-08,2.3200000143219768e-08,3.9199999690708864e-08,1.2300000129528144e-08,6.730000112753487e-09
1775653935.7684765,2026-04-08 14:12:15.768476,0.21799999475479126,4.520000018715109e-08,2.3200000143219768e-08,3.9199999690708864e-08,1.2300000129528144e-08,6.790000117717909e-09
1775653937.8194997,2026-04-08 14:12:17.819500,0.21799999475479126,4.520000018715109e-08,2.3200000143219768e-08,3.970000150843589e-08,1.240000013780218e-08,6.790000117717909e-09
1775653939.8789217,2026-04-08 14:12:19.878922,0.21799999475479126,4.520000018715109e-08,2.3200000143219768e-08,3.9100001458791667e-08,1.240000013780218e-08,6.800000118545313e-09
1775653941.9251626,2026-04-08 14:12:21.925163,0.21799999475479126,4.5099998402520214e-08,2.3200000143219768e-08,3.9199999690708864e-08,1.2300000129528144e-08,6.7800001168905055e-09
1775653943.9902995,2026-04-08 14:12:23.990299,0.21799999475479126,4.5099998402520214e-08,2.3200000143219768e-08,3.8799999657612716e-08,1.2300000129528144e-08,6.790000117717909e-09
1775653946.0364008,2026-04-08 14:12:26.036401,0.21799999475479126,4.520000018715109e-08,2.3200000143219768e-08,3.9199999690708864e-08,1.2300000129528144e-08,6.810000119372717e-09
1775653948.0812395,2026-04-08 14:12:28.081239,0.21799999475479126,4.520000018715109e-08,2.3200000143219768e-08,3.939999970725694e-08,1.2300000129528144e-08,6.7800001168905055e-09
1775653950.1421254,2026-04-08 14:12:30.142125,0.21799999475479126,4.520000018715109e-08,2.3200000143219768e-08,3.9199999690708864e-08,1.2300000129528144e-08,6.800000118545313e-09
1775653952.1898942,2026-04-08 14:12:32.189894,0.21799999475479126,4.5099998402520214e-08,2.3200000143219768e-08,3.890000144224359e-08,1.2300000129528144e-08,6.7800001168905055e-09
1775653954.2558863,2026-04-08 14:12:34.255886,0.21799999475479126,4.5099998402520214e-08,2.3200000143219768e-08,3.8799999657612716e-08,1.2300000129528144e-08,6.740000113580891e-09
1775653956.3010724,2026-04-08 14:12:36.301072,0.21799999475479126,4.5000000170603016e-08,2.3200000143219768e-08,3.8799999657612716e-08,1.2500000146076218e-08,6.740000113580891e-09
1775653958.3479235,2026-04-08 14:12:38.347924,0.21799999475479126,4.5099998402520214e-08,2.3200000143219768e-08,3.890000144224359e-08,1.2300000129528144e-08,6.790000117717909e-09
1775653960.3824775,2026-04-08 14:12:40.382478,0.21799999475479126,4.5099998402520214e-08,2.3200000143219768e-08,3.9199999690708864e-08,1.240000013780218e-08,6.810000119372717e-09
1775653962.441039,2026-04-08 14:12:42.441039,0.21799999475479126,4.5099998402520214e-08,2.3200000143219768e-08,3.9199999690708864e-08,1.2300000129528144e-08,6.790000117717909e-09
1775653964.505565,2026-04-08 14:12:44.505565,0.21799999475479126,4.5099998402520214e-08,2.3200000143219768e-08,3.930000147533974e-08,1.2300000129528144e-08,6.800000118545313e-09
1775653966.5490391,2026-04-08 14:12:46.549039,0.21799999475479126,4.520000018715109e-08,2.3200000143219768e-08,3.899999967416079e-08,1.2300000129528144e-08,6.750000114408294e-09
1775653968.6135092,2026-04-08 14:12:48.613509,0.21799999475479126,4.520000018715109e-08,2.3200000143219768e-08,3.899999967416079e-08,1.2300000129528144e-08,6.760000115235698e-09
1775653970.6705642,2026-04-08 14:12:50.670564,0.21799999475479126,4.520000018715109e-08,2.3200000143219768e-08,3.939999970725694e-08,1.2300000129528144e-08,6.800000118545313e-09
1775653972.7073853,2026-04-08 14:12:52.707385,0.21799999475479126,4.520000018715109e-08,2.3200000143219768e-08,3.8799999657612716e-08,1.2300000129528144e-08,6.760000115235698e-09
1775653974.740889,2026-04-08 14:12:54.740889,0.21799999475479126,4.520000018715109e-08,2.3200000143219768e-08,3.839999962451657e-08,1.2300000129528144e-08,6.730000112753487e-09
1775653976.7750068,2026-04-08 14:12:56.775007,0.21799999475479126,4.520000018715109e-08,2.3200000143219768e-08,3.899999967416079e-08,1.240000013780218e-08,6.730000112753487e-09
1775653978.8146422,2026-04-08 14:12:58.814642,0.21799999475479126,4.5099998402520214e-08,2.3200000143219768e-08,3.9199999690708864e-08,1.2300000129528144e-08,6.7800001168905055e-09
1775653980.8804724,2026-04-08 14:13:00.880472,0.21799999475479126,4.520000018715109e-08,2.3200000143219768e-08,3.870000142569552e-08,1.2300000129528144e-08,6.750000114408294e-09
1775653982.9262784,2026-04-08 14:13:02.926278,0.21799999475479126,4.5099998402520214e-08,2.3200000143219768e-08,3.870000142569552e-08,1.2300000129528144e-08,6.800000118545313e-09
1775653984.9890566,2026-04-08 14:13:04.989057,0.21799999475479126,4.520000018715109e-08,2.3200000143219768e-08,3.870000142569552e-08,1.2300000129528144e-08,6.770000116063102e-09
1775653987.0397897,2026-04-08 14:13:07.039790,0.21799999475479126,4.520000018715109e-08,2.3200000143219768e-08,3.8799999657612716e-08,1.2300000129528144e-08,6.760000115235698e-09
1775653989.0647855,2026-04-08 14:13:09.064785,0.21799999475479126,4.5099998402520214e-08,2.3200000143219768e-08,3.859999964106464e-08,1.2300000129528144e-08,6.760000115235698e-09
1775653991.1287084,2026-04-08 14:13:11.128708,0.21799999475479126,4.5099998402520214e-08,2.3200000143219768e-08,3.939999970725694e-08,1.2300000129528144e-08,6.790000117717909e-09
1775653993.1909435,2026-04-08 14:13:13.190943,0.21799999475479126,4.520000018715109e-08,2.3200000143219768e-08,3.8500001409147444e-08,1.2600000154350255e-08,6.7800001168905055e-09
1775653995.2515125,2026-04-08 14:13:15.251513,0.21799999475479126,4.520000018715109e-08,2.3200000143219768e-08,3.870000142569552e-08,1.2300000129528144e-08,6.760000115235698e-09
1775653997.2911065,2026-04-08 14:13:17.291106,0.21799999475479126,4.520000018715109e-08,2.3200000143219768e-08,3.9199999690708864e-08,1.2300000129528144e-08,6.7800001168905055e-09
1775653999.3345788,2026-04-08 14:13:19.334579,0.21799999475479126,4.5099998402520214e-08,2.3200000143219768e-08,3.890000144224359e-08,1.240000013780218e-08,6.800000118545313e-09
1775654001.4125621,2026-04-08 14:13:21.412562,0.21799999475479126,4.5099998402520214e-08,2.3200000143219768e-08,3.870000142569552e-08,1.240000013780218e-08,6.750000114408294e-09
1775654003.441777,2026-04-08 14:13:23.441777,0.21799999475479126,4.520000018715109e-08,2.3200000143219768e-08,3.979999974035309e-08,1.240000013780218e-08,6.750000114408294e-09
1775654005.4879184,2026-04-08 14:13:25.487918,0.21799999475479126,4.520000018715109e-08,2.3200000143219768e-08,3.9100001458791667e-08,1.240000013780218e-08,6.770000116063102e-09
1775654007.5378969,2026-04-08 14:13:27.537897,0.21799999475479126,4.520000018715109e-08,2.3200000143219768e-08,3.8799999657612716e-08,1.2300000129528144e-08,6.7800001168905055e-09
1775654009.585707,2026-04-08 14:13:29.585707,0.21799999475479126,4.520000018715109e-08,2.3200000143219768e-08,3.8500001409147444e-08,1.240000013780218e-08,6.7800001168905055e-09
1775654011.6316478,2026-04-08 14:13:31.631648,0.21799999475479126,4.520000018715109e-08,2.3200000143219768e-08,3.890000144224359e-08,1.2300000129528144e-08,6.800000118545313e-09
1775654013.6794257,2026-04-08 14:13:33.679426,0.21799999475479126,4.520000018715109e-08,2.3200000143219768e-08,3.8799999657612716e-08,1.2300000129528144e-08,6.730000112753487e-09
1775654015.7246876,2026-04-08 14:13:35.724688,0.21799999475479126,4.520000018715109e-08,2.3200000143219768e-08,3.8799999657612716e-08,1.2300000129528144e-08,6.810000119372717e-09
1775654017.7683713,2026-04-08 14:13:37.768371,0.21799999475479126,4.5099998402520214e-08,2.3200000143219768e-08,3.9500001491887815e-08,1.240000013780218e-08,6.760000115235698e-09
1775654019.8301075,2026-04-08 14:13:39.830107,0.21799999475479126,4.520000018715109e-08,2.3200000143219768e-08,3.979999974035309e-08,1.2300000129528144e-08,6.750000114408294e-09
1775654021.88043,2026-04-08 14:13:41.880430,0.21799999475479126,4.520000018715109e-08,2.3200000143219768e-08,3.9500001491887815e-08,1.240000013780218e-08,6.7800001168905055e-09
1775654023.9271343,2026-04-08 14:13:43.927134,0.21799999475479126,4.520000018715109e-08,2.3200000143219768e-08,3.8799999657612716e-08,1.240000013780218e-08,6.750000114408294e-09
1775654025.9863245,2026-04-08 14:13:45.986325,0.21799999475479126,4.5099998402520214e-08,2.3200000143219768e-08,3.839999962451657e-08,1.2500000146076218e-08,6.7800001168905055e-09
1775654028.0508473,2026-04-08 14:13:48.050847,0.21799999475479126,4.520000018715109e-08,2.3200000143219768e-08,3.8500001409147444e-08,1.2300000129528144e-08,6.800000118545313e-09
1775654030.0735142,2026-04-08 14:13:50.073514,0.21799999475479126,4.520000018715109e-08,2.3200000143219768e-08,3.870000142569552e-08,1.240000013780218e-08,6.730000112753487e-09
1775654032.1114893,2026-04-08 14:13:52.111489,0.21799999475479126,4.520000018715109e-08,2.3200000143219768e-08,3.859999964106464e-08,1.2300000129528144e-08,6.7800001168905055e-09
1775654034.1589613,2026-04-08 14:13:54.158961,0.21799999475479126,4.520000018715109e-08,2.3200000143219768e-08,3.959999972380501e-08,1.2300000129528144e-08,6.740000113580891e-09
1775654036.208525,2026-04-08 14:13:56.208525,0.21799999475479126,4.520000018715109e-08,2.3200000143219768e-08,3.9100001458791667e-08,1.2300000129528144e-08,6.730000112753487e-09
1775654038.256284,2026-04-08 14:13:58.256284,0.21799999475479126,4.520000018715109e-08,2.3200000143219768e-08,3.8799999657612716e-08,1.2300000129528144e-08,6.750000114408294e-09
1775654040.298686,2026-04-08 14:14:00.298686,0.21799999475479126,4.520000018715109e-08,2.3200000143219768e-08,3.9500001491887815e-08,1.240000013780218e-08,6.800000118545313e-09
1775654042.3489025,2026-04-08 14:14:02.348902,0.21799999475479126,4.520000018715109e-08,2.3200000143219768e-08,3.899999967416079e-08,1.240000013780218e-08,6.800000118545313e-09
1775654044.394714,2026-04-08 14:14:04.394714,0.21799999475479126,4.520000018715109e-08,2.3200000143219768e-08,3.9500001491887815e-08,1.240000013780218e-08,6.800000118545313e-09
1775654046.429269,2026-04-08 14:14:06.429269,0.21799999475479126,4.529999841906829e-08,2.3200000143219768e-08,3.859999964106464e-08,1.240000013780218e-08,6.760000115235698e-09
1775654048.460284,2026-04-08 14:14:08.460284,0.21799999475479126,4.520000018715109e-08,2.3200000143219768e-08,3.859999964106464e-08,1.240000013780218e-08,6.750000114408294e-09
1775654050.5059688,2026-04-08 14:14:10.505969,0.21799999475479126,4.520000018715109e-08,2.3200000143219768e-08,3.870000142569552e-08,1.2300000129528144e-08,6.750000114408294e-09
1775654052.566854,2026-04-08 14:14:12.566854,0.21799999475479126,4.520000018715109e-08,2.3200000143219768e-08,3.9100001458791667e-08,1.2300000129528144e-08,6.760000115235698e-09
1775654054.62953,2026-04-08 14:14:14.629530,0.21799999475479126,4.520000018715109e-08,2.3200000143219768e-08,3.890000144224359e-08,1.240000013780218e-08,6.800000118545313e-09
1775654056.689575,2026-04-08 14:14:16.689575,0.21799999475479126,4.520000018715109e-08,2.3200000143219768e-08,3.970000150843589e-08,1.240000013780218e-08,6.830000121027524e-09
1775654058.7521737,2026-04-08 14:14:18.752174,0.21799999475479126,4.520000018715109e-08,2.3200000143219768e-08,3.979999974035309e-08,1.2300000129528144e-08,6.770000116063102e-09
1775654060.8017182,2026-04-08 14:14:20.801718,0.21799999475479126,4.520000018715109e-08,2.3200000143219768e-08,3.8199999607968493e-08,1.2300000129528144e-08,6.7800001168905055e-09
1775654062.8368666,2026-04-08 14:14:22.836867,0.21799999475479126,4.520000018715109e-08,2.3200000143219768e-08,3.899999967416079e-08,1.2300000129528144e-08,6.7800001168905055e-09
1775654064.8771834,2026-04-08 14:14:24.877183,0.21799999475479126,4.520000018715109e-08,2.3200000143219768e-08,3.939999970725694e-08,1.240000013780218e-08,6.800000118545313e-09
1775654066.9400797,2026-04-08 14:14:26.940080,0.21799999475479126,4.520000018715109e-08,2.3200000143219768e-08,3.930000147533974e-08,1.2700000162624292e-08,6.760000115235698e-09
1775654068.9885998,2026-04-08 14:14:28.988600,0.21799999475479126,4.520000018715109e-08,2.3200000143219768e-08,3.930000147533974e-08,1.2300000129528144e-08,6.760000115235698e-09
1775654071.0326698,2026-04-08 14:14:31.032670,0.21799999475479126,4.520000018715109e-08,2.3300000151493805e-08,3.8799999657612716e-08,1.240000013780218e-08,6.7800001168905055e-09
1775654073.1183238,2026-04-08 14:14:33.118324,0.21799999475479126,4.529999841906829e-08,2.3200000143219768e-08,3.930000147533974e-08,1.2300000129528144e-08,6.760000115235698e-09
1775654075.173392,2026-04-08 14:14:35.173392,0.21799999475479126,4.520000018715109e-08,2.3200000143219768e-08,3.9199999690708864e-08,1.240000013780218e-08,6.7800001168905055e-09
1775654077.2359562,2026-04-08 14:14:37.235956,0.21799999475479126,4.520000018715109e-08,2.3200000143219768e-08,3.930000147533974e-08,1.2300000129528144e-08,6.800000118545313e-09
1775654079.2397876,2026-04-08 14:14:39.239788,0.21799999475479126,4.520000018715109e-08,2.3200000143219768e-08,3.859999964106464e-08,1.240000013780218e-08,6.800000118545313e-09
1775654081.2882676,2026-04-08 14:14:41.288268,0.21799999475479126,4.529999841906829e-08,2.3200000143219768e-08,3.939999970725694e-08,1.240000013780218e-08,6.790000117717909e-09
1775654083.3563077,2026-04-08 14:14:43.356308,0.21799999475479126,4.520000018715109e-08,2.3300000151493805e-08,3.9199999690708864e-08,1.240000013780218e-08,6.810000119372717e-09
1775654085.4137204,2026-04-08 14:14:45.413720,0.21799999475479126,4.520000018715109e-08,2.3300000151493805e-08,3.9500001491887815e-08,1.2300000129528144e-08,6.770000116063102e-09
1775654087.4719853,2026-04-08 14:14:47.471985,0.21799999475479126,4.520000018715109e-08,2.3200000143219768e-08,3.890000144224359e-08,1.240000013780218e-08,6.7100001110986796e-09
1775654089.5588868,2026-04-08 14:14:49.558887,0.21799999475479126,4.529999841906829e-08,2.3300000151493805e-08,3.890000144224359e-08,1.240000013780218e-08,6.8500001226823315e-09
1775654091.5989113,2026-04-08 14:14:51.598911,0.21799999475479126,4.520000018715109e-08,2.3200000143219768e-08,3.8799999657612716e-08,1.2300000129528144e-08,6.790000117717909e-09
1775654093.6446118,2026-04-08 14:14:53.644612,0.21799999475479126,4.520000018715109e-08,2.3200000143219768e-08,3.8799999657612716e-08,1.240000013780218e-08,6.790000117717909e-09
1775654095.6852016,2026-04-08 14:14:55.685202,0.21799999475479126,4.520000018715109e-08,2.3200000143219768e-08,3.890000144224359e-08,1.2300000129528144e-08,6.800000118545313e-09
1775654097.7397203,2026-04-08 14:14:57.739720,0.21799999475479126,4.529999841906829e-08,2.3300000151493805e-08,3.9100001458791667e-08,1.2300000129528144e-08,6.790000117717909e-09
1775654099.8176503,2026-04-08 14:14:59.817650,0.21799999475479126,4.520000018715109e-08,2.3200000143219768e-08,3.859999964106464e-08,1.2300000129528144e-08,6.800000118545313e-09
1775654101.8813138,2026-04-08 14:15:01.881314,0.21799999475479126,4.520000018715109e-08,2.3200000143219768e-08,3.959999972380501e-08,1.2300000129528144e-08,6.7800001168905055e-09
1775654103.9407382,2026-04-08 14:15:03.940738,0.21799999475479126,4.520000018715109e-08,2.3200000143219768e-08,3.9199999690708864e-08,1.2500000146076218e-08,6.790000117717909e-09
1775654106.0183523,2026-04-08 14:15:06.018352,0.21799999475479126,4.520000018715109e-08,2.3200000143219768e-08,3.970000150843589e-08,1.2300000129528144e-08,6.770000116063102e-09
1775654108.0688145,2026-04-08 14:15:08.068815,0.21799999475479126,4.529999841906829e-08,2.3200000143219768e-08,3.9500001491887815e-08,1.2300000129528144e-08,6.730000112753487e-09
1775654110.119861,2026-04-08 14:15:10.119861,0.21799999475479126,4.5099998402520214e-08,2.3300000151493805e-08,3.9100001458791667e-08,1.240000013780218e-08,6.90000012681935e-09
1775654112.1780338,2026-04-08 14:15:12.178034,0.21799999475479126,4.529999841906829e-08,2.3300000151493805e-08,3.870000142569552e-08,1.2300000129528144e-08,6.7800001168905055e-09
1775654114.2390018,2026-04-08 14:15:14.239002,0.21799999475479126,4.529999841906829e-08,2.3200000143219768e-08,3.9100001458791667e-08,1.240000013780218e-08,6.790000117717909e-09
1775654116.3006108,2026-04-08 14:15:16.300611,0.21799999475479126,4.529999841906829e-08,2.3300000151493805e-08,3.930000147533974e-08,1.240000013780218e-08,6.7800001168905055e-09
1775654118.3472254,2026-04-08 14:15:18.347225,0.21799999475479126,4.529999841906829e-08,2.3200000143219768e-08,3.9100001458791667e-08,1.240000013780218e-08,6.770000116063102e-09
1775654120.4394128,2026-04-08 14:15:20.439413,0.21799999475479126,4.520000018715109e-08,2.3300000151493805e-08,3.8799999657612716e-08,1.240000013780218e-08,6.800000118545313e-09
1775654122.4864917,2026-04-08 14:15:22.486492,0.21799999475479126,4.520000018715109e-08,2.3300000151493805e-08,3.890000144224359e-08,1.240000013780218e-08,6.790000117717909e-09
1775654124.5390747,2026-04-08 14:15:24.539075,0.21799999475479126,4.529999841906829e-08,2.3300000151493805e-08,3.8500001409147444e-08,1.240000013780218e-08,6.890000125991946e-09
1775654126.5983326,2026-04-08 14:15:26.598333,0.21799999475479126,4.529999841906829e-08,2.3300000151493805e-08,3.9100001458791667e-08,1.2300000129528144e-08,6.8500001226823315e-09
1775654128.6637318,2026-04-08 14:15:28.663732,0.21799999475479126,4.529999841906829e-08,2.3300000151493805e-08,3.8500001409147444e-08,1.240000013780218e-08,6.770000116063102e-09
1775654130.705573,2026-04-08 14:15:30.705573,0.21799999475479126,4.520000018715109e-08,2.3300000151493805e-08,3.9500001491887815e-08,1.2500000146076218e-08,6.800000118545313e-09
1775654132.7524014,2026-04-08 14:15:32.752401,0.21799999475479126,4.529999841906829e-08,2.3300000151493805e-08,3.859999964106464e-08,1.240000013780218e-08,6.760000115235698e-09
1775654134.7997837,2026-04-08 14:15:34.799784,0.21799999475479126,4.529999841906829e-08,2.3300000151493805e-08,3.870000142569552e-08,1.2300000129528144e-08,6.770000116063102e-09
1775654136.8530903,2026-04-08 14:15:36.853090,0.21799999475479126,4.529999841906829e-08,2.3300000151493805e-08,3.8799999657612716e-08,1.240000013780218e-08,6.800000118545313e-09
1775654138.8951292,2026-04-08 14:15:38.895129,0.21799999475479126,4.520000018715109e-08,2.3300000151493805e-08,3.899999967416079e-08,1.2500000146076218e-08,6.770000116063102e-09
1775654140.942162,2026-04-08 14:15:40.942162,0.21799999475479126,4.529999841906829e-08,2.3300000151493805e-08,3.899999967416079e-08,1.240000013780218e-08,6.82000012020012e-09
1775654142.9798715,2026-04-08 14:15:42.979872,0.21799999475479126,4.529999841906829e-08,2.3300000151493805e-08,3.9199999690708864e-08,1.240000013780218e-08,6.82000012020012e-09
1775654145.0336225,2026-04-08 14:15:45.033623,0.21799999475479126,4.520000018715109e-08,2.3300000151493805e-08,3.9199999690708864e-08,1.2900000179172366e-08,6.790000117717909e-09
1775654147.0805686,2026-04-08 14:15:47.080569,0.21799999475479126,4.520000018715109e-08,2.3300000151493805e-08,3.9100001458791667e-08,1.240000013780218e-08,6.790000117717909e-09
1775654149.1448452,2026-04-08 14:15:49.144845,0.21799999475479126,4.520000018715109e-08,2.3300000151493805e-08,3.9500001491887815e-08,1.240000013780218e-08,6.810000119372717e-09
1775654151.177872,2026-04-08 14:15:51.177872,0.21799999475479126,4.520000018715109e-08,2.3300000151493805e-08,3.8199999607968493e-08,1.240000013780218e-08,6.770000116063102e-09
1775654153.220238,2026-04-08 14:15:53.220238,0.21799999475479126,4.529999841906829e-08,2.3300000151493805e-08,3.8799999657612716e-08,1.240000013780218e-08,6.790000117717909e-09
1775654155.287196,2026-04-08 14:15:55.287196,0.21799999475479126,4.529999841906829e-08,2.3300000151493805e-08,3.859999964106464e-08,1.2300000129528144e-08,6.760000115235698e-09
1775654157.3488579,2026-04-08 14:15:57.348858,0.21799999475479126,4.520000018715109e-08,2.3300000151493805e-08,3.9199999690708864e-08,1.240000013780218e-08,6.790000117717909e-09
1775654159.3954444,2026-04-08 14:15:59.395444,0.21799999475479126,4.529999841906829e-08,2.3300000151493805e-08,3.9100001458791667e-08,1.240000013780218e-08,6.790000117717909e-09
1775654161.4561875,2026-04-08 14:16:01.456187,0.21799999475479126,4.529999841906829e-08,2.3300000151493805e-08,3.8100001376051296e-08,1.2500000146076218e-08,6.760000115235698e-09
1775654163.5028534,2026-04-08 14:16:03.502853,0.21799999475479126,4.529999841906829e-08,2.3300000151493805e-08,3.8500001409147444e-08,1.240000013780218e-08,6.760000115235698e-09
1775654165.551921,2026-04-08 14:16:05.551921,0.21799999475479126,4.529999841906829e-08,2.3300000151493805e-08,3.9199999690708864e-08,1.2500000146076218e-08,6.7800001168905055e-09
1775654167.615828,2026-04-08 14:16:07.615828,0.21799999475479126,4.529999841906829e-08,2.3300000151493805e-08,3.9100001458791667e-08,1.2300000129528144e-08,6.82000012020012e-09
1775654169.6438103,2026-04-08 14:16:09.643810,0.21799999475479126,4.529999841906829e-08,2.3300000151493805e-08,3.8500001409147444e-08,1.240000013780218e-08,6.82000012020012e-09
1775654171.7068114,2026-04-08 14:16:11.706811,0.21799999475479126,4.529999841906829e-08,2.3300000151493805e-08,3.930000147533974e-08,1.2300000129528144e-08,6.840000121854928e-09
1775654173.7551885,2026-04-08 14:16:13.755188,0.21799999475479126,4.529999841906829e-08,2.3300000151493805e-08,3.890000144224359e-08,1.240000013780218e-08,6.810000119372717e-09
1775654175.8137858,2026-04-08 14:16:15.813786,0.21799999475479126,4.529999841906829e-08,2.3300000151493805e-08,3.930000147533974e-08,1.240000013780218e-08,6.7800001168905055e-09
1775654177.8639424,2026-04-08 14:16:17.863942,0.21799999475479126,4.529999841906829e-08,2.3300000151493805e-08,3.9900001524983963e-08,1.2300000129528144e-08,6.760000115235698e-09
1775654179.9092844,2026-04-08 14:16:19.909284,0.21799999475479126,4.5400000203699165e-08,2.3300000151493805e-08,3.9199999690708864e-08,1.240000013780218e-08,6.770000116063102e-09
1775654181.9745245,2026-04-08 14:16:21.974524,0.21699999272823334,4.529999841906829e-08,2.3300000151493805e-08,3.9199999690708864e-08,1.2500000146076218e-08,6.790000117717909e-09
1775654184.0041528,2026-04-08 14:16:24.004153,0.21799999475479126,4.529999841906829e-08,2.3300000151493805e-08,3.930000147533974e-08,1.240000013780218e-08,6.810000119372717e-09
1775654186.0412374,2026-04-08 14:16:26.041237,0.21799999475479126,4.529999841906829e-08,2.3300000151493805e-08,3.970000150843589e-08,1.240000013780218e-08,6.790000117717909e-09
1775654188.084049,2026-04-08 14:16:28.084049,0.21799999475479126,4.529999841906829e-08,2.3300000151493805e-08,3.9100001458791667e-08,1.240000013780218e-08,6.7800001168905055e-09
1775654190.143996,2026-04-08 14:16:30.143996,0.21799999475479126,4.529999841906829e-08,2.3300000151493805e-08,3.9100001458791667e-08,1.240000013780218e-08,6.810000119372717e-09
1775654192.1942782,2026-04-08 14:16:32.194278,0.21799999475479126,4.529999841906829e-08,2.3300000151493805e-08,3.8500001409147444e-08,1.240000013780218e-08,6.800000118545313e-09
1775654194.2361295,2026-04-08 14:16:34.236130,0.21799999475479126,4.520000018715109e-08,2.3300000151493805e-08,3.979999974035309e-08,1.240000013780218e-08,6.720000111926083e-09
1775654196.2843559,2026-04-08 14:16:36.284356,0.21699999272823334,4.529999841906829e-08,2.3300000151493805e-08,3.890000144224359e-08,1.240000013780218e-08,6.82000012020012e-09
1775654198.3458078,2026-04-08 14:16:38.345808,0.21799999475479126,4.520000018715109e-08,2.3300000151493805e-08,3.9500001491887815e-08,1.240000013780218e-08,6.800000118545313e-09
1775654200.3969781,2026-04-08 14:16:40.396978,0.21799999475479126,4.529999841906829e-08,2.3300000151493805e-08,3.8500001409147444e-08,1.240000013780218e-08,6.7800001168905055e-09
1775654202.442252,2026-04-08 14:16:42.442252,0.21799999475479126,4.529999841906829e-08,2.3300000151493805e-08,3.890000144224359e-08,1.240000013780218e-08,6.82000012020012e-09
1775654204.473142,2026-04-08 14:16:44.473142,0.21799999475479126,4.529999841906829e-08,2.3300000151493805e-08,3.8799999657612716e-08,1.240000013780218e-08,6.810000119372717e-09
1775654206.5201333,2026-04-08 14:16:46.520133,0.21799999475479126,4.529999841906829e-08,2.3300000151493805e-08,4.010000154153204e-08,1.240000013780218e-08,6.800000118545313e-09
1775654208.5696473,2026-04-08 14:16:48.569647,0.21799999475479126,4.529999841906829e-08,2.3300000151493805e-08,3.9100001458791667e-08,1.310000019572044e-08,6.7800001168905055e-09
1775654210.6445477,2026-04-08 14:16:50.644548,0.21799999475479126,4.529999841906829e-08,2.3300000151493805e-08,3.970000150843589e-08,1.240000013780218e-08,6.82000012020012e-09
1775654212.707879,2026-04-08 14:16:52.707879,0.21799999475479126,4.529999841906829e-08,2.3300000151493805e-08,3.999999975690116e-08,1.240000013780218e-08,6.800000118545313e-09
1775654214.7517183,2026-04-08 14:16:54.751718,0.21799999475479126,4.529999841906829e-08,2.3300000151493805e-08,3.939999970725694e-08,1.240000013780218e-08,6.7800001168905055e-09
1775654216.835968,2026-04-08 14:16:56.835968,0.21699999272823334,4.529999841906829e-08,2.3300000151493805e-08,3.9500001491887815e-08,1.240000013780218e-08,6.800000118545313e-09
1775654218.8812351,2026-04-08 14:16:58.881235,0.21699999272823334,4.529999841906829e-08,2.3300000151493805e-08,3.899999967416079e-08,1.240000013780218e-08,6.7800001168905055e-09
1775654220.9544451,2026-04-08 14:17:00.954445,0.21799999475479126,4.529999841906829e-08,2.3300000151493805e-08,3.9100001458791667e-08,1.240000013780218e-08,6.800000118545313e-09
1775654223.020092,2026-04-08 14:17:03.020092,0.21799999475479126,4.5400000203699165e-08,2.3300000151493805e-08,3.9100001458791667e-08,1.240000013780218e-08,6.760000115235698e-09
1775654225.063867,2026-04-08 14:17:05.063867,0.21699999272823334,4.529999841906829e-08,2.3300000151493805e-08,3.899999967416079e-08,1.240000013780218e-08,6.770000116063102e-09
1775654227.1297133,2026-04-08 14:17:07.129713,0.21699999272823334,4.529999841906829e-08,2.3300000151493805e-08,3.890000144224359e-08,1.2500000146076218e-08,6.790000117717909e-09
1775654229.1858068,2026-04-08 14:17:09.185807,0.21799999475479126,4.529999841906829e-08,2.3300000151493805e-08,3.9900001524983963e-08,1.240000013780218e-08,6.800000118545313e-09
1775654231.2358315,2026-04-08 14:17:11.235831,0.21799999475479126,4.529999841906829e-08,2.3300000151493805e-08,3.9100001458791667e-08,1.2300000129528144e-08,6.790000117717909e-09
1775654233.2887805,2026-04-08 14:17:13.288780,0.21799999475479126,4.529999841906829e-08,2.3300000151493805e-08,3.9100001458791667e-08,1.240000013780218e-08,6.790000117717909e-09
1775654235.3216453,2026-04-08 14:17:15.321645,0.21799999475479126,4.529999841906829e-08,2.3300000151493805e-08,3.939999970725694e-08,1.240000013780218e-08,6.7800001168905055e-09
1775654237.3460116,2026-04-08 14:17:17.346012,0.21799999475479126,4.529999841906829e-08,2.3300000151493805e-08,3.9199999690708864e-08,1.240000013780218e-08,6.760000115235698e-09
1775654239.4073665,2026-04-08 14:17:19.407367,0.21799999475479126,4.529999841906829e-08,2.3300000151493805e-08,3.8500001409147444e-08,1.2900000179172366e-08,6.8500001226823315e-09
1775654241.4730272,2026-04-08 14:17:21.473027,0.21799999475479126,4.529999841906829e-08,2.3300000151493805e-08,3.899999967416079e-08,1.240000013780218e-08,6.7800001168905055e-09
1775654243.518521,2026-04-08 14:17:23.518521,0.21699999272823334,4.529999841906829e-08,2.3300000151493805e-08,3.870000142569552e-08,1.240000013780218e-08,6.810000119372717e-09
1775654245.5654092,2026-04-08 14:17:25.565409,0.21699999272823334,4.529999841906829e-08,2.3300000151493805e-08,3.890000144224359e-08,1.2500000146076218e-08,6.840000121854928e-09
1775654247.615195,2026-04-08 14:17:27.615195,0.21799999475479126,4.529999841906829e-08,2.3300000151493805e-08,3.959999972380501e-08,1.240000013780218e-08,6.760000115235698e-09
1775654249.693616,2026-04-08 14:17:29.693616,0.21799999475479126,4.5400000203699165e-08,2.3300000151493805e-08,3.939999970725694e-08,1.240000013780218e-08,6.790000117717909e-09
1775654251.74408,2026-04-08 14:17:31.744080,0.21699999272823334,4.529999841906829e-08,2.3300000151493805e-08,3.870000142569552e-08,1.240000013780218e-08,6.770000116063102e-09
1775654253.7991846,2026-04-08 14:17:33.799185,0.21799999475479126,4.529999841906829e-08,2.3300000151493805e-08,3.959999972380501e-08,1.240000013780218e-08,6.790000117717909e-09
1775654255.8615806,2026-04-08 14:17:35.861581,0.21699999272823334,4.529999841906829e-08,2.3300000151493805e-08,3.9100001458791667e-08,1.240000013780218e-08,6.800000118545313e-09
1775654257.9089508,2026-04-08 14:17:37.908951,0.21799999475479126,4.529999841906829e-08,2.3300000151493805e-08,3.939999970725694e-08,1.240000013780218e-08,6.770000116063102e-09
1775654260.159478,2026-04-08 14:17:40.159478,0.21799999475479126,4.529999841906829e-08,2.3300000151493805e-08,3.9199999690708864e-08,1.2500000146076218e-08,6.82000012020012e-09
1775654262.2722802,2026-04-08 14:17:42.272280,0.21699999272823334,4.529999841906829e-08,2.3300000151493805e-08,3.9199999690708864e-08,1.240000013780218e-08,6.790000117717909e-09
1775654264.3159652,2026-04-08 14:17:44.315965,0.21699999272823334,4.529999841906829e-08,2.3300000151493805e-08,3.870000142569552e-08,1.240000013780218e-08,6.800000118545313e-09
1775654266.3767624,2026-04-08 14:17:46.376762,0.21799999475479126,4.5400000203699165e-08,2.3300000151493805e-08,3.9500001491887815e-08,1.240000013780218e-08,6.7800001168905055e-09
1775654268.4274223,2026-04-08 14:17:48.427422,0.21699999272823334,4.529999841906829e-08,2.3300000151493805e-08,3.9500001491887815e-08,1.240000013780218e-08,6.82000012020012e-09
1775654270.4743652,2026-04-08 14:17:50.474365,0.21799999475479126,4.5400000203699165e-08,2.3300000151493805e-08,3.970000150843589e-08,1.240000013780218e-08,6.7800001168905055e-09
1775654272.521913,2026-04-08 14:17:52.521913,0.21699999272823334,4.529999841906829e-08,2.3300000151493805e-08,3.899999967416079e-08,1.240000013780218e-08,6.82000012020012e-09
1775654274.5517826,2026-04-08 14:17:54.551783,0.21699999272823334,4.5400000203699165e-08,2.3300000151493805e-08,3.939999970725694e-08,1.240000013780218e-08,6.800000118545313e-09
1775654276.5977383,2026-04-08 14:17:56.597738,0.21699999272823334,4.5400000203699165e-08,2.3300000151493805e-08,3.890000144224359e-08,1.240000013780218e-08,6.7800001168905055e-09
1775654278.6296346,2026-04-08 14:17:58.629635,0.21699999272823334,4.5400000203699165e-08,2.3300000151493805e-08,3.859999964106464e-08,1.240000013780218e-08,6.790000117717909e-09
1775654280.691556,2026-04-08 14:18:00.691556,0.21699999272823334,4.5400000203699165e-08,2.3400000159767842e-08,3.9100001458791667e-08,1.240000013780218e-08,6.830000121027524e-09
1775654282.8054838,2026-04-08 14:18:02.805484,0.21699999272823334,4.5400000203699165e-08,2.3300000151493805e-08,3.9100001458791667e-08,1.240000013780218e-08,6.82000012020012e-09
1775654284.8456743,2026-04-08 14:18:04.845674,0.21699999272823334,4.529999841906829e-08,2.3300000151493805e-08,3.9100001458791667e-08,1.240000013780218e-08,6.790000117717909e-09
1775654286.8648803,2026-04-08 14:18:06.864880,0.21699999272823334,4.529999841906829e-08,2.3300000151493805e-08,3.9199999690708864e-08,1.240000013780218e-08,6.82000012020012e-09
1775654288.9262638,2026-04-08 14:18:08.926264,0.21699999272823334,4.529999841906829e-08,2.3300000151493805e-08,3.9900001524983963e-08,1.2700000162624292e-08,6.82000012020012e-09
1775654290.9867778,2026-04-08 14:18:10.986778,0.21699999272823334,4.529999841906829e-08,2.3300000151493805e-08,3.9199999690708864e-08,1.240000013780218e-08,6.800000118545313e-09
1775654293.0485492,2026-04-08 14:18:13.048549,0.21699999272823334,4.529999841906829e-08,2.3300000151493805e-08,3.9500001491887815e-08,1.2600000154350255e-08,6.800000118545313e-09
1775654295.0977147,2026-04-08 14:18:15.097715,0.21799999475479126,4.5400000203699165e-08,2.3300000151493805e-08,3.930000147533974e-08,1.240000013780218e-08,6.760000115235698e-09
1775654297.146314,2026-04-08 14:18:17.146314,0.21699999272823334,4.529999841906829e-08,2.3400000159767842e-08,3.899999967416079e-08,1.2500000146076218e-08,6.82000012020012e-09
1775654299.2257957,2026-04-08 14:18:19.225796,0.21699999272823334,4.529999841906829e-08,2.3300000151493805e-08,3.8799999657612716e-08,1.2500000146076218e-08,6.7800001168905055e-09
1775654301.2775483,2026-04-08 14:18:21.277548,0.21699999272823334,4.5400000203699165e-08,2.3300000151493805e-08,3.890000144224359e-08,1.240000013780218e-08,6.800000118545313e-09
1775654303.3316545,2026-04-08 14:18:23.331655,0.21699999272823334,4.5400000203699165e-08,2.3300000151493805e-08,3.9500001491887815e-08,1.240000013780218e-08,6.800000118545313e-09
1775654305.365192,2026-04-08 14:18:25.365192,0.21799999475479126,4.5400000203699165e-08,2.3300000151493805e-08,3.9100001458791667e-08,1.2500000146076218e-08,6.790000117717909e-09
1775654307.3989267,2026-04-08 14:18:27.398927,0.21799999475479126,4.529999841906829e-08,2.3300000151493805e-08,3.9500001491887815e-08,1.240000013780218e-08,6.82000012020012e-09
1775654309.503585,2026-04-08 14:18:29.503585,0.21699999272823334,4.5400000203699165e-08,2.3400000159767842e-08,3.9100001458791667e-08,1.240000013780218e-08,6.840000121854928e-09
1775654311.581121,2026-04-08 14:18:31.581121,0.21699999272823334,4.5400000203699165e-08,2.3400000159767842e-08,3.9100001458791667e-08,1.240000013780218e-08,6.810000119372717e-09
1775654313.6263826,2026-04-08 14:18:33.626383,0.21699999272823334,4.5400000203699165e-08,2.3300000151493805e-08,3.970000150843589e-08,1.2500000146076218e-08,6.790000117717909e-09
1775654315.6902485,2026-04-08 14:18:35.690248,0.21699999272823334,4.5400000203699165e-08,2.3400000159767842e-08,3.9500001491887815e-08,1.2500000146076218e-08,6.7800001168905055e-09
1775654317.720439,2026-04-08 14:18:37.720439,0.21699999272823334,4.5400000203699165e-08,2.3300000151493805e-08,3.939999970725694e-08,1.240000013780218e-08,6.790000117717909e-09
1775654319.7832341,2026-04-08 14:18:39.783234,0.21699999272823334,4.5400000203699165e-08,2.3400000159767842e-08,3.859999964106464e-08,1.240000013780218e-08,6.800000118545313e-09
1775654321.8413086,2026-04-08 14:18:41.841309,0.21699999272823334,4.529999841906829e-08,2.3400000159767842e-08,3.9500001491887815e-08,1.240000013780218e-08,6.7800001168905055e-09
1775654323.8921132,2026-04-08 14:18:43.892113,0.21699999272823334,4.529999841906829e-08,2.3400000159767842e-08,3.870000142569552e-08,1.240000013780218e-08,6.860000123509735e-09
1775654325.9592423,2026-04-08 14:18:45.959242,0.21699999272823334,4.5400000203699165e-08,2.3400000159767842e-08,3.9199999690708864e-08,1.240000013780218e-08,6.790000117717909e-09
1775654328.0060937,2026-04-08 14:18:48.006094,0.21699999272823334,4.5400000203699165e-08,2.3300000151493805e-08,3.899999967416079e-08,1.2500000146076218e-08,6.810000119372717e-09
1775654330.0655413,2026-04-08 14:18:50.065541,0.21699999272823334,4.529999841906829e-08,2.3400000159767842e-08,3.939999970725694e-08,1.240000013780218e-08,6.810000119372717e-09
1775654332.1015754,2026-04-08 14:18:52.101575,0.21699999272823334,4.5400000203699165e-08,2.3400000159767842e-08,3.9199999690708864e-08,1.2500000146076218e-08,6.760000115235698e-09
1775654334.157731,2026-04-08 14:18:54.157731,0.21799999475479126,4.5400000203699165e-08,2.3300000151493805e-08,3.9199999690708864e-08,1.240000013780218e-08,6.840000121854928e-09
1775654336.2043808,2026-04-08 14:18:56.204381,0.21699999272823334,4.5400000203699165e-08,2.3400000159767842e-08,3.859999964106464e-08,1.2500000146076218e-08,6.800000118545313e-09
1775654338.2701464,2026-04-08 14:18:58.270146,0.21699999272823334,4.5400000203699165e-08,2.3300000151493805e-08,3.939999970725694e-08,1.240000013780218e-08,6.810000119372717e-09
1775654340.3152676,2026-04-08 14:19:00.315268,0.21699999272823334,4.529999841906829e-08,2.3400000159767842e-08,3.9100001458791667e-08,1.240000013780218e-08,6.860000123509735e-09
1775654342.362599,2026-04-08 14:19:02.362599,0.21699999272823334,4.529999841906829e-08,2.3400000159767842e-08,3.970000150843589e-08,1.240000013780218e-08,6.800000118545313e-09
1775654344.4098732,2026-04-08 14:19:04.409873,0.21799999475479126,4.5400000203699165e-08,2.3400000159767842e-08,3.899999967416079e-08,1.240000013780218e-08,6.870000124337139e-09
1775654346.454975,2026-04-08 14:19:06.454975,0.21699999272823334,4.5400000203699165e-08,2.3400000159767842e-08,3.9199999690708864e-08,1.240000013780218e-08,6.82000012020012e-09
1775654348.4873483,2026-04-08 14:19:08.487348,0.21799999475479126,4.5400000203699165e-08,2.3400000159767842e-08,3.930000147533974e-08,1.240000013780218e-08,6.840000121854928e-09
1775654350.53349,2026-04-08 14:19:10.533490,0.21699999272823334,4.529999841906829e-08,2.3400000159767842e-08,3.939999970725694e-08,1.240000013780218e-08,6.770000116063102e-09
1775654352.5652907,2026-04-08 14:19:12.565291,0.21699999272823334,4.5400000203699165e-08,2.3400000159767842e-08,3.8799999657612716e-08,1.240000013780218e-08,6.840000121854928e-09
1775654354.6277044,2026-04-08 14:19:14.627704,0.21799999475479126,4.5400000203699165e-08,2.3400000159767842e-08,3.970000150843589e-08,1.240000013780218e-08,6.840000121854928e-09
1775654356.6900742,2026-04-08 14:19:16.690074,0.21699999272823334,4.5400000203699165e-08,2.3400000159767842e-08,3.9199999690708864e-08,1.2500000146076218e-08,6.790000117717909e-09
1775654358.6917453,2026-04-08 14:19:18.691745,0.21799999475479126,4.5400000203699165e-08,2.3400000159767842e-08,3.930000147533974e-08,1.2700000162624292e-08,6.8500001226823315e-09
1775654360.7414818,2026-04-08 14:19:20.741482,0.21699999272823334,4.5400000203699165e-08,2.3400000159767842e-08,3.970000150843589e-08,1.2500000146076218e-08,6.810000119372717e-09
1775654362.7883842,2026-04-08 14:19:22.788384,0.21699999272823334,4.5400000203699165e-08,2.3400000159767842e-08,3.890000144224359e-08,1.240000013780218e-08,6.7800001168905055e-09
1775654364.848686,2026-04-08 14:19:24.848686,0.21699999272823334,4.5400000203699165e-08,2.3400000159767842e-08,3.930000147533974e-08,1.240000013780218e-08,6.790000117717909e-09
1775654366.8984962,2026-04-08 14:19:26.898496,0.21799999475479126,4.5400000203699165e-08,2.3400000159767842e-08,4.010000154153204e-08,1.240000013780218e-08,6.790000117717909e-09
1775654368.960554,2026-04-08 14:19:28.960554,0.21799999475479126,4.5400000203699165e-08,2.3400000159767842e-08,3.9500001491887815e-08,1.240000013780218e-08,6.7800001168905055e-09
1775654370.9913983,2026-04-08 14:19:30.991398,0.21799999475479126,4.5400000203699165e-08,2.3400000159767842e-08,3.899999967416079e-08,1.240000013780218e-08,6.790000117717909e-09
1775654373.0808966,2026-04-08 14:19:33.080897,0.21799999475479126,4.5400000203699165e-08,2.3400000159767842e-08,3.930000147533974e-08,1.2500000146076218e-08,6.810000119372717e-09
1775654375.1268568,2026-04-08 14:19:35.126857,0.21699999272823334,4.5400000203699165e-08,2.3400000159767842e-08,3.899999967416079e-08,1.240000013780218e-08,6.750000114408294e-09
1775654377.206112,2026-04-08 14:19:37.206112,0.21699999272823334,4.5400000203699165e-08,2.3400000159767842e-08,3.9100001458791667e-08,1.240000013780218e-08,6.800000118545313e-09
1775654379.269366,2026-04-08 14:19:39.269366,0.21799999475479126,4.5400000203699165e-08,2.3400000159767842e-08,3.859999964106464e-08,1.240000013780218e-08,6.810000119372717e-09
1775654381.2997015,2026-04-08 14:19:41.299701,0.21799999475479126,4.5400000203699165e-08,2.3400000159767842e-08,3.9500001491887815e-08,1.2500000146076218e-08,6.810000119372717e-09
1775654383.3484166,2026-04-08 14:19:43.348417,0.21799999475479126,4.5400000203699165e-08,2.3400000159767842e-08,3.9199999690708864e-08,1.240000013780218e-08,6.7800001168905055e-09
1775654385.3975472,2026-04-08 14:19:45.397547,0.21699999272823334,4.549999843561636e-08,2.3400000159767842e-08,3.870000142569552e-08,1.240000013780218e-08,6.7800001168905055e-09
1775654387.4577253,2026-04-08 14:19:47.457725,0.21799999475479126,4.549999843561636e-08,2.3400000159767842e-08,3.959999972380501e-08,1.2500000146076218e-08,7.780000288448718e-08
1775654389.5167692,2026-04-08 14:19:49.516769,0.21799999475479126,4.5400000203699165e-08,2.3400000159767842e-08,3.9500001491887815e-08,1.240000013780218e-08,6.790000117717909e-09
1775654391.5801158,2026-04-08 14:19:51.580116,0.21799999475479126,4.5400000203699165e-08,2.3400000159767842e-08,3.939999970725694e-08,1.240000013780218e-08,6.810000119372717e-09
1775654393.6437156,2026-04-08 14:19:53.643716,0.21799999475479126,4.5400000203699165e-08,2.3400000159767842e-08,3.870000142569552e-08,1.2500000146076218e-08,6.7800001168905055e-09
1775654395.6614037,2026-04-08 14:19:55.661404,0.21799999475479126,4.5400000203699165e-08,2.3400000159767842e-08,3.970000150843589e-08,1.2500000146076218e-08,6.740000113580891e-09
1775654397.7238138,2026-04-08 14:19:57.723814,0.21799999475479126,4.5400000203699165e-08,2.3400000159767842e-08,3.9500001491887815e-08,1.240000013780218e-08,6.790000117717909e-09
1775654399.7775095,2026-04-08 14:19:59.777509,0.21699999272823334,4.5400000203699165e-08,2.3400000159767842e-08,3.9199999690708864e-08,1.240000013780218e-08,6.82000012020012e-09
1775654401.8295746,2026-04-08 14:20:01.829575,0.21799999475479126,4.5400000203699165e-08,2.3400000159767842e-08,3.939999970725694e-08,1.2500000146076218e-08,6.82000012020012e-09
1775654403.8628976,2026-04-08 14:20:03.862898,0.21799999475479126,4.5400000203699165e-08,2.3400000159767842e-08,3.930000147533974e-08,1.2500000146076218e-08,6.860000123509735e-09
1775654405.9249513,2026-04-08 14:20:05.924951,0.21799999475479126,4.5400000203699165e-08,2.3400000159767842e-08,3.9100001458791667e-08,1.2500000146076218e-08,6.790000117717909e-09
1775654407.974,2026-04-08 14:20:07.974000,0.21799999475479126,4.5400000203699165e-08,2.3400000159767842e-08,3.9900001524983963e-08,1.2500000146076218e-08,6.82000012020012e-09
1775654410.017041,2026-04-08 14:20:10.017041,0.21799999475479126,4.549999843561636e-08,2.3400000159767842e-08,3.930000147533974e-08,1.2500000146076218e-08,6.860000123509735e-09
1775654412.0720317,2026-04-08 14:20:12.072032,0.21799999475479126,4.5400000203699165e-08,2.3400000159767842e-08,3.9100001458791667e-08,1.2500000146076218e-08,6.800000118545313e-09
1775654414.1420436,2026-04-08 14:20:14.142044,0.21799999475479126,4.5400000203699165e-08,2.3400000159767842e-08,3.890000144224359e-08,1.240000013780218e-08,6.750000114408294e-09
1775654416.208883,2026-04-08 14:20:16.208883,0.21799999475479126,4.549999843561636e-08,2.3400000159767842e-08,3.870000142569552e-08,1.2500000146076218e-08,6.790000117717909e-09
1775654418.269959,2026-04-08 14:20:18.269959,0.21799999475479126,4.549999843561636e-08,2.3400000159767842e-08,3.9199999690708864e-08,1.2500000146076218e-08,6.8500001226823315e-09
1775654420.331553,2026-04-08 14:20:20.331553,0.21799999475479126,4.5400000203699165e-08,2.3400000159767842e-08,3.970000150843589e-08,1.2500000146076218e-08,6.730000112753487e-09
1775654422.3781059,2026-04-08 14:20:22.378106,0.21799999475479126,4.549999843561636e-08,2.3400000159767842e-08,3.9100001458791667e-08,1.2500000146076218e-08,6.830000121027524e-09
1775654424.4265718,2026-04-08 14:20:24.426572,0.21799999475479126,4.549999843561636e-08,2.3400000159767842e-08,4.030000155808011e-08,1.2500000146076218e-08,6.82000012020012e-09
1775654426.456313,2026-04-08 14:20:26.456313,0.21799999475479126,4.5400000203699165e-08,2.3400000159767842e-08,3.939999970725694e-08,1.2500000146076218e-08,6.770000116063102e-09
1775654428.5026517,2026-04-08 14:20:28.502652,0.21699999272823334,4.549999843561636e-08,2.3400000159767842e-08,3.9199999690708864e-08,1.2500000146076218e-08,6.830000121027524e-09
1775654430.56795,2026-04-08 14:20:30.567950,0.21799999475479126,4.549999843561636e-08,2.3400000159767842e-08,3.959999972380501e-08,1.2500000146076218e-08,6.800000118545313e-09
1775654432.6135654,2026-04-08 14:20:32.613565,0.21799999475479126,4.5400000203699165e-08,2.3400000159767842e-08,3.870000142569552e-08,1.240000013780218e-08,6.8500001226823315e-09
1775654434.6581333,2026-04-08 14:20:34.658133,0.21799999475479126,4.5400000203699165e-08,2.3400000159767842e-08,3.959999972380501e-08,1.2500000146076218e-08,6.7800001168905055e-09
1775654436.7208018,2026-04-08 14:20:36.720802,0.21799999475479126,4.5400000203699165e-08,2.3400000159767842e-08,3.939999970725694e-08,1.2600000154350255e-08,6.8500001226823315e-09
1775654438.7730334,2026-04-08 14:20:38.773033,0.21799999475479126,4.5400000203699165e-08,2.3400000159767842e-08,3.939999970725694e-08,1.240000013780218e-08,6.810000119372717e-09
1775654440.8194637,2026-04-08 14:20:40.819464,0.21799999475479126,4.5400000203699165e-08,2.3400000159767842e-08,3.8799999657612716e-08,1.2500000146076218e-08,6.7800001168905055e-09
1775654442.8795981,2026-04-08 14:20:42.879598,0.21799999475479126,4.5400000203699165e-08,2.3400000159767842e-08,3.890000144224359e-08,1.240000013780218e-08,6.8500001226823315e-09
1775654444.9405656,2026-04-08 14:20:44.940566,0.21799999475479126,4.549999843561636e-08,2.3400000159767842e-08,3.930000147533974e-08,1.2500000146076218e-08,6.800000118545313e-09
1775654446.9867787,2026-04-08 14:20:46.986779,0.21799999475479126,4.549999843561636e-08,2.3400000159767842e-08,3.9100001458791667e-08,1.240000013780218e-08,6.82000012020012e-09
1775654449.0285928,2026-04-08 14:20:49.028593,0.21799999475479126,4.549999843561636e-08,2.3400000159767842e-08,3.930000147533974e-08,1.2500000146076218e-08,6.790000117717909e-09
1775654451.07964,2026-04-08 14:20:51.079640,0.21799999475479126,4.549999843561636e-08,2.3400000159767842e-08,3.979999974035309e-08,1.2500000146076218e-08,6.790000117717909e-09
1775654453.1291742,2026-04-08 14:20:53.129174,0.21799999475479126,4.5400000203699165e-08,2.3400000159767842e-08,3.899999967416079e-08,1.2500000146076218e-08,6.82000012020012e-09
1775654455.1467478,2026-04-08 14:20:55.146748,0.21799999475479126,4.560000022024724e-08,2.3400000159767842e-08,3.899999967416079e-08,1.2500000146076218e-08,6.800000118545313e-09
1775654457.2065823,2026-04-08 14:20:57.206582,0.21799999475479126,4.5400000203699165e-08,2.3400000159767842e-08,3.939999970725694e-08,1.2500000146076218e-08,6.800000118545313e-09
1775654459.257978,2026-04-08 14:20:59.257978,0.21799999475479126,4.5400000203699165e-08,2.3400000159767842e-08,4.010000154153204e-08,1.240000013780218e-08,6.790000117717909e-09
1775654461.3007355,2026-04-08 14:21:01.300735,0.21799999475479126,4.549999843561636e-08,2.3400000159767842e-08,3.959999972380501e-08,1.2500000146076218e-08,6.790000117717909e-09
1775654463.3634694,2026-04-08 14:21:03.363469,0.21799999475479126,4.549999843561636e-08,2.3400000159767842e-08,3.939999970725694e-08,1.2500000146076218e-08,6.770000116063102e-09
1775654465.4090395,2026-04-08 14:21:05.409039,0.21799999475479126,4.5400000203699165e-08,2.3400000159767842e-08,3.930000147533974e-08,1.240000013780218e-08,6.840000121854928e-09
1775654467.4882534,2026-04-08 14:21:07.488253,0.21799999475479126,4.560000022024724e-08,2.3400000159767842e-08,3.979999974035309e-08,1.2500000146076218e-08,6.830000121027524e-09
1775654469.5490878,2026-04-08 14:21:09.549088,0.21799999475479126,4.5400000203699165e-08,2.3400000159767842e-08,3.930000147533974e-08,1.2500000146076218e-08,6.810000119372717e-09
1775654471.611264,2026-04-08 14:21:11.611264,0.21799999475479126,4.5400000203699165e-08,2.3400000159767842e-08,3.979999974035309e-08,1.2600000154350255e-08,6.800000118545313e-09
1775654473.6576202,2026-04-08 14:21:13.657620,0.21799999475479126,4.5400000203699165e-08,2.3400000159767842e-08,3.970000150843589e-08,1.2500000146076218e-08,6.830000121027524e-09
1775654475.7239373,2026-04-08 14:21:15.723937,0.21799999475479126,4.5400000203699165e-08,2.3400000159767842e-08,3.930000147533974e-08,1.2500000146076218e-08,6.800000118545313e-09
1775654477.7694447,2026-04-08 14:21:17.769445,0.21799999475479126,4.5400000203699165e-08,2.3400000159767842e-08,3.970000150843589e-08,1.240000013780218e-08,6.8500001226823315e-09
1775654479.8144603,2026-04-08 14:21:19.814460,0.21799999475479126,4.549999843561636e-08,2.3400000159767842e-08,4.0199999773449235e-08,1.240000013780218e-08,6.8500001226823315e-09
1775654481.865215,2026-04-08 14:21:21.865215,0.21799999475479126,4.5400000203699165e-08,2.3400000159767842e-08,3.9199999690708864e-08,1.2500000146076218e-08,6.810000119372717e-09
1775654483.913574,2026-04-08 14:21:23.913574,0.21799999475479126,4.549999843561636e-08,2.3400000159767842e-08,3.870000142569552e-08,1.2500000146076218e-08,6.840000121854928e-09
1775654485.9582956,2026-04-08 14:21:25.958296,0.21799999475479126,4.560000022024724e-08,2.3400000159767842e-08,3.9500001491887815e-08,1.2500000146076218e-08,6.730000112753487e-09
1775654488.004359,2026-04-08 14:21:28.004359,0.21799999475479126,4.5400000203699165e-08,2.3400000159767842e-08,3.9500001491887815e-08,1.2500000146076218e-08,6.8500001226823315e-09
1775654490.052847,2026-04-08 14:21:30.052847,0.21799999475479126,4.560000022024724e-08,2.3400000159767842e-08,3.9500001491887815e-08,1.2500000146076218e-08,6.800000118545313e-09
1775654492.1120698,2026-04-08 14:21:32.112070,0.21799999475479126,4.5400000203699165e-08,2.3400000159767842e-08,3.9199999690708864e-08,1.240000013780218e-08,6.830000121027524e-09
1775654494.1623027,2026-04-08 14:21:34.162303,0.21799999475479126,4.549999843561636e-08,2.3400000159767842e-08,3.939999970725694e-08,1.2500000146076218e-08,6.870000124337139e-09
1775654496.2212412,2026-04-08 14:21:36.221241,0.21799999475479126,4.5400000203699165e-08,2.3400000159767842e-08,3.970000150843589e-08,1.2500000146076218e-08,6.82000012020012e-09
1775654498.2722306,2026-04-08 14:21:38.272231,0.21799999475479126,4.5400000203699165e-08,2.3400000159767842e-08,3.959999972380501e-08,1.240000013780218e-08,6.840000121854928e-09
1775654500.3161676,2026-04-08 14:21:40.316168,0.21799999475479126,4.5400000203699165e-08,2.3400000159767842e-08,3.959999972380501e-08,1.240000013780218e-08,6.770000116063102e-09
1775654502.378139,2026-04-08 14:21:42.378139,0.21699999272823334,4.549999843561636e-08,2.3400000159767842e-08,3.9500001491887815e-08,1.240000013780218e-08,6.760000115235698e-09
1775654504.4119987,2026-04-08 14:21:44.411999,0.21699999272823334,4.5400000203699165e-08,2.3400000159767842e-08,3.9100001458791667e-08,1.2500000146076218e-08,6.7800001168905055e-09
1775654506.4581323,2026-04-08 14:21:46.458132,0.21799999475479126,4.5400000203699165e-08,2.3400000159767842e-08,3.979999974035309e-08,1.240000013780218e-08,6.82000012020012e-09
1775654508.4925432,2026-04-08 14:21:48.492543,0.21799999475479126,4.5400000203699165e-08,2.3400000159767842e-08,3.939999970725694e-08,1.2500000146076218e-08,6.830000121027524e-09
1775654510.552573,2026-04-08 14:21:50.552573,0.21799999475479126,4.560000022024724e-08,2.3400000159767842e-08,3.9500001491887815e-08,1.2500000146076218e-08,6.810000119372717e-09
1775654512.610624,2026-04-08 14:21:52.610624,0.21799999475479126,4.560000022024724e-08,2.3400000159767842e-08,3.930000147533974e-08,1.2500000146076218e-08,6.810000119372717e-09
1775654514.6770873,2026-04-08 14:21:54.677087,0.21799999475479126,4.549999843561636e-08,2.3400000159767842e-08,3.930000147533974e-08,1.240000013780218e-08,6.830000121027524e-09
1775654516.7560997,2026-04-08 14:21:56.756100,0.21799999475479126,4.549999843561636e-08,2.3400000159767842e-08,3.970000150843589e-08,1.2500000146076218e-08,6.8500001226823315e-09
1775654518.789172,2026-04-08 14:21:58.789172,0.21799999475479126,4.549999843561636e-08,2.3400000159767842e-08,3.930000147533974e-08,1.2500000146076218e-08,6.8500001226823315e-09
1775654520.8506186,2026-04-08 14:22:00.850619,0.21799999475479126,4.549999843561636e-08,2.3400000159767842e-08,3.999999975690116e-08,1.240000013780218e-08,6.840000121854928e-09
1775654522.9288406,2026-04-08 14:22:02.928841,0.21699999272823334,4.560000022024724e-08,2.3400000159767842e-08,3.939999970725694e-08,1.2500000146076218e-08,6.830000121027524e-09
1775654524.9720411,2026-04-08 14:22:04.972041,0.21799999475479126,4.549999843561636e-08,2.3400000159767842e-08,3.970000150843589e-08,1.2500000146076218e-08,6.800000118545313e-09
1775654527.0365195,2026-04-08 14:22:07.036520,0.21799999475479126,4.560000022024724e-08,2.350000016804188e-08,3.890000144224359e-08,1.2600000154350255e-08,6.800000118545313e-09
1775654529.0570526,2026-04-08 14:22:09.057053,0.21799999475479126,4.549999843561636e-08,2.350000016804188e-08,3.899999967416079e-08,1.2500000146076218e-08,6.790000117717909e-09
1775654531.099184,2026-04-08 14:22:11.099184,0.21799999475479126,4.5400000203699165e-08,2.350000016804188e-08,3.939999970725694e-08,1.2500000146076218e-08,6.800000118545313e-09
1775654533.147386,2026-04-08 14:22:13.147386,0.21699999272823334,4.560000022024724e-08,2.3400000159767842e-08,3.930000147533974e-08,1.2500000146076218e-08,6.8500001226823315e-09
1775654535.174496,2026-04-08 14:22:15.174496,0.21699999272823334,4.5400000203699165e-08,2.3400000159767842e-08,3.9100001458791667e-08,1.2500000146076218e-08,6.8500001226823315e-09
1775654537.2215114,2026-04-08 14:22:17.221511,0.21699999272823334,4.560000022024724e-08,2.3400000159767842e-08,3.890000144224359e-08,1.2500000146076218e-08,6.790000117717909e-09
1775654539.284685,2026-04-08 14:22:19.284685,0.21799999475479126,4.549999843561636e-08,2.350000016804188e-08,3.979999974035309e-08,1.2500000146076218e-08,6.750000114408294e-09
1775654541.3156426,2026-04-08 14:22:21.315643,0.21699999272823334,4.560000022024724e-08,2.350000016804188e-08,3.8799999657612716e-08,1.2700000162624292e-08,6.9200001284741575e-09
1775654543.3464346,2026-04-08 14:22:23.346435,0.21699999272823334,4.560000022024724e-08,2.3400000159767842e-08,3.9100001458791667e-08,1.2500000146076218e-08,6.750000114408294e-09
1775654545.3956275,2026-04-08 14:22:25.395627,0.21699999272823334,4.549999843561636e-08,2.350000016804188e-08,3.899999967416079e-08,1.2500000146076218e-08,6.800000118545313e-09
1775654547.4436457,2026-04-08 14:22:27.443646,0.21699999272823334,4.549999843561636e-08,2.350000016804188e-08,4.0199999773449235e-08,1.2500000146076218e-08,6.840000121854928e-09
1775654549.4860616,2026-04-08 14:22:29.486062,0.21699999272823334,4.560000022024724e-08,2.3400000159767842e-08,3.9100001458791667e-08,1.2500000146076218e-08,6.790000117717909e-09
1775654551.5537548,2026-04-08 14:22:31.553755,0.21699999272823334,4.560000022024724e-08,2.350000016804188e-08,3.9100001458791667e-08,1.2500000146076218e-08,6.82000012020012e-09
1775654553.597932,2026-04-08 14:22:33.597932,0.21699999272823334,4.560000022024724e-08,2.3400000159767842e-08,3.9500001491887815e-08,1.2500000146076218e-08,6.860000123509735e-09
1775654555.6596944,2026-04-08 14:22:35.659694,0.21699999272823334,4.549999843561636e-08,2.350000016804188e-08,3.970000150843589e-08,1.2500000146076218e-08,6.770000116063102e-09
1775654557.6912594,2026-04-08 14:22:37.691259,0.21699999272823334,4.560000022024724e-08,2.350000016804188e-08,3.9100001458791667e-08,1.2500000146076218e-08,6.810000119372717e-09
1775654559.752457,2026-04-08 14:22:39.752457,0.21699999272823334,4.549999843561636e-08,2.350000016804188e-08,4.010000154153204e-08,1.2500000146076218e-08,6.82000012020012e-09
1775654561.7936788,2026-04-08 14:22:41.793679,0.21699999272823334,4.560000022024724e-08,2.350000016804188e-08,4.030000155808011e-08,1.2500000146076218e-08,6.82000012020012e-09
1775654563.8501072,2026-04-08 14:22:43.850107,0.21699999272823334,4.560000022024724e-08,2.350000016804188e-08,3.9100001458791667e-08,1.2500000146076218e-08,6.82000012020012e-09
1775654565.9093256,2026-04-08 14:22:45.909326,0.21699999272823334,4.560000022024724e-08,2.350000016804188e-08,3.9500001491887815e-08,1.2500000146076218e-08,6.800000118545313e-09
1775654567.9608822,2026-04-08 14:22:47.960882,0.21699999272823334,4.560000022024724e-08,2.350000016804188e-08,3.9100001458791667e-08,1.2500000146076218e-08,6.82000012020012e-09
1775654570.02166,2026-04-08 14:22:50.021660,0.21699999272823334,4.560000022024724e-08,2.350000016804188e-08,3.930000147533974e-08,1.2500000146076218e-08,6.82000012020012e-09
1775654572.0965314,2026-04-08 14:22:52.096531,0.21699999272823334,4.549999843561636e-08,2.350000016804188e-08,3.9500001491887815e-08,1.2500000146076218e-08,6.830000121027524e-09
1775654574.144194,2026-04-08 14:22:54.144194,0.21699999272823334,4.560000022024724e-08,2.350000016804188e-08,3.970000150843589e-08,1.2600000154350255e-08,6.810000119372717e-09
1775654576.19234,2026-04-08 14:22:56.192340,0.21699999272823334,4.560000022024724e-08,2.350000016804188e-08,3.8799999657612716e-08,1.2500000146076218e-08,6.8500001226823315e-09
1775654578.2363243,2026-04-08 14:22:58.236324,0.21699999272823334,4.560000022024724e-08,2.350000016804188e-08,3.8799999657612716e-08,1.2500000146076218e-08,6.810000119372717e-09
1775654580.287665,2026-04-08 14:23:00.287665,0.21699999272823334,4.560000022024724e-08,2.350000016804188e-08,3.930000147533974e-08,1.240000013780218e-08,6.890000125991946e-09
1775654582.3311105,2026-04-08 14:23:02.331110,0.21699999272823334,4.560000022024724e-08,2.350000016804188e-08,3.9199999690708864e-08,1.2500000146076218e-08,6.890000125991946e-09
1775654584.379641,2026-04-08 14:23:04.379641,0.21699999272823334,4.560000022024724e-08,2.350000016804188e-08,3.959999972380501e-08,1.2500000146076218e-08,6.8500001226823315e-09
1775654586.424894,2026-04-08 14:23:06.424894,0.21699999272823334,4.560000022024724e-08,2.350000016804188e-08,3.9199999690708864e-08,1.2500000146076218e-08,6.810000119372717e-09
1775654588.5020196,2026-04-08 14:23:08.502020,0.21699999272823334,4.560000022024724e-08,2.350000016804188e-08,3.970000150843589e-08,1.240000013780218e-08,6.840000121854928e-09
1775654590.549365,2026-04-08 14:23:10.549365,0.21699999272823334,4.560000022024724e-08,2.350000016804188e-08,3.979999974035309e-08,1.2600000154350255e-08,6.790000117717909e-09
1775654592.59988,2026-04-08 14:23:12.599880,0.21699999272823334,4.560000022024724e-08,2.350000016804188e-08,3.959999972380501e-08,1.2500000146076218e-08,6.82000012020012e-09
1775654594.6606517,2026-04-08 14:23:14.660652,0.21699999272823334,4.560000022024724e-08,2.350000016804188e-08,3.9100001458791667e-08,1.2500000146076218e-08,6.840000121854928e-09
1775654596.740985,2026-04-08 14:23:16.740985,0.21699999272823334,4.560000022024724e-08,2.350000016804188e-08,3.9100001458791667e-08,1.2500000146076218e-08,6.8500001226823315e-09
1775654598.8171237,2026-04-08 14:23:18.817124,0.21699999272823334,4.560000022024724e-08,2.350000016804188e-08,3.9500001491887815e-08,1.2500000146076218e-08,6.989999690176774e-08
1775654600.8777149,2026-04-08 14:23:20.877715,0.21699999272823334,4.549999843561636e-08,2.350000016804188e-08,3.9199999690708864e-08,1.2500000146076218e-08,6.8500001226823315e-09
1775654602.9423006,2026-04-08 14:23:22.942301,0.21699999272823334,4.560000022024724e-08,2.350000016804188e-08,3.899999967416079e-08,1.2500000146076218e-08,6.790000117717909e-09
1775654605.005737,2026-04-08 14:23:25.005737,0.21699999272823334,4.560000022024724e-08,2.350000016804188e-08,3.899999967416079e-08,1.2500000146076218e-08,6.840000121854928e-09
1775654607.0331302,2026-04-08 14:23:27.033130,0.21699999272823334,4.549999843561636e-08,2.350000016804188e-08,3.9900001524983963e-08,1.2500000146076218e-08,6.840000121854928e-09
1775654609.0848577,2026-04-08 14:23:29.084858,0.21699999272823334,4.560000022024724e-08,2.350000016804188e-08,3.930000147533974e-08,1.2500000146076218e-08,6.810000119372717e-09
1775654611.1440825,2026-04-08 14:23:31.144083,0.21699999272823334,4.560000022024724e-08,2.350000016804188e-08,3.939999970725694e-08,1.2500000146076218e-08,6.810000119372717e-09
1775654613.2107592,2026-04-08 14:23:33.210759,0.21699999272823334,4.560000022024724e-08,2.350000016804188e-08,3.979999974035309e-08,1.2500000146076218e-08,6.840000121854928e-09
1775654615.2537768,2026-04-08 14:23:35.253777,0.21699999272823334,4.560000022024724e-08,2.350000016804188e-08,3.939999970725694e-08,1.2600000154350255e-08,6.8500001226823315e-09
1775654617.3018196,2026-04-08 14:23:37.301820,0.21699999272823334,4.560000022024724e-08,2.350000016804188e-08,3.8500001409147444e-08,1.2500000146076218e-08,6.8500001226823315e-09
1775654619.3458192,2026-04-08 14:23:39.345819,0.21699999272823334,4.560000022024724e-08,2.350000016804188e-08,3.979999974035309e-08,1.240000013780218e-08,6.840000121854928e-09
1775654621.3930147,2026-04-08 14:23:41.393015,0.21699999272823334,4.549999843561636e-08,2.350000016804188e-08,3.899999967416079e-08,1.2600000154350255e-08,6.810000119372717e-09
1775654623.4715142,2026-04-08 14:23:43.471514,0.21699999272823334,4.560000022024724e-08,2.350000016804188e-08,3.890000144224359e-08,1.2500000146076218e-08,6.82000012020012e-09
1775654625.5177128,2026-04-08 14:23:45.517713,0.21699999272823334,4.560000022024724e-08,2.350000016804188e-08,3.959999972380501e-08,1.2500000146076218e-08,6.82000012020012e-09
1775654627.5655193,2026-04-08 14:23:47.565519,0.21699999272823334,4.560000022024724e-08,2.350000016804188e-08,3.899999967416079e-08,1.2500000146076218e-08,6.830000121027524e-09
1775654629.6110706,2026-04-08 14:23:49.611071,0.21699999272823334,4.549999843561636e-08,2.350000016804188e-08,3.939999970725694e-08,1.2500000146076218e-08,6.7800001168905055e-09
1775654631.678305,2026-04-08 14:23:51.678305,0.21699999272823334,4.560000022024724e-08,2.350000016804188e-08,3.9900001524983963e-08,1.2500000146076218e-08,6.750000114408294e-09
1775654633.721626,2026-04-08 14:23:53.721626,0.21699999272823334,4.560000022024724e-08,2.350000016804188e-08,3.939999970725694e-08,1.2500000146076218e-08,6.830000121027524e-09
1775654648.939991,2026-04-08 14:24:08.939991,0.217,4.57e-08,2.35e-08,3.95e-08,1.25e-08,6.8e-09
1775654649.552263,2026-04-08 14:24:09.552263,0.217,4.57e-08,2.35e-08,3.95e-08,1.25e-08,6.82e-09
1775654650.1615403,2026-04-08 14:24:10.161540,0.217,4.57e-08,2.35e-08,3.98e-08,1.25e-08,6.88e-09
1775654650.7472978,2026-04-08 14:24:10.747298,0.217,4.56e-08,2.35e-08,3.94e-08,1.25e-08,6.85e-09
1775654651.3623686,2026-04-08 14:24:11.362369,0.217,4.56e-08,2.35e-08,3.88e-08,1.25e-08,6.83e-09
1775654651.9841907,2026-04-08 14:24:11.984191,0.217,4.56e-08,2.35e-08,3.95e-08,1.25e-08,6.83e-09
1775654652.5778594,2026-04-08 14:24:12.577859,0.217,4.56e-08,2.35e-08,3.9e-08,1.25e-08,6.83e-09
1775654653.174666,2026-04-08 14:24:13.174666,0.217,4.56e-08,2.35e-08,3.92e-08,1.25e-08,6.83e-09
1775654653.7861269,2026-04-08 14:24:13.786127,0.217,4.56e-08,2.35e-08,3.87e-08,1.28e-08,6.9e-09
1775654654.4008315,2026-04-08 14:24:14.400831,0.217,4.56e-08,2.35e-08,3.96e-08,1.25e-08,6.84e-09
1775654654.998569,2026-04-08 14:24:14.998569,0.217,4.56e-08,2.35e-08,3.93e-08,1.25e-08,6.87e-09
1775654655.5998633,2026-04-08 14:24:15.599863,0.217,4.56e-08,2.35e-08,3.92e-08,1.25e-08,6.85e-09
1775654656.200583,2026-04-08 14:24:16.200583,0.217,4.56e-08,2.35e-08,3.9e-08,1.25e-08,6.82e-09
1775654656.809761,2026-04-08 14:24:16.809761,0.217,4.56e-08,2.35e-08,3.95e-08,1.25e-08,6.85e-09
1775654657.401374,2026-04-08 14:24:17.401374,0.217,4.56e-08,2.35e-08,4.02e-08,1.25e-08,6.87e-09
1775654658.013543,2026-04-08 14:24:18.013543,0.217,4.56e-08,2.35e-08,3.92e-08,1.25e-08,6.84e-09
1775654658.7940083,2026-04-08 14:24:18.794008,0.217,4.56e-08,2.35e-08,3.95e-08,1.25e-08,6.86e-09
1775654659.6055703,2026-04-08 14:24:19.605570,0.217,4.56e-08,2.35e-08,3.94e-08,1.25e-08,6.83e-09
1775654660.2062361,2026-04-08 14:24:20.206236,0.217,4.56e-08,2.35e-08,3.94e-08,1.25e-08,6.83e-09
1775654660.818651,2026-04-08 14:24:20.818651,0.217,4.56e-08,2.35e-08,3.94e-08,1.25e-08,6.83e-09
1775654661.4330523,2026-04-08 14:24:21.433052,0.217,4.56e-08,2.35e-08,3.89e-08,1.25e-08,6.83e-09
1775654662.0309618,2026-04-08 14:24:22.030962,0.217,4.56e-08,2.35e-08,3.95e-08,1.25e-08,6.81e-09
1775654662.6314166,2026-04-08 14:24:22.631417,0.217,4.56e-08,2.35e-08,3.95e-08,1.25e-08,6.89e-09
1775654663.2457545,2026-04-08 14:24:23.245754,0.217,4.56e-08,2.35e-08,3.93e-08,1.26e-08,6.89e-09
1775654663.8599997,2026-04-08 14:24:23.860000,0.217,4.57e-08,2.35e-08,3.97e-08,1.25e-08,6.85e-09
1775654664.45904,2026-04-08 14:24:24.459040,0.217,4.57e-08,2.35e-08,3.99e-08,1.25e-08,6.84e-09
1775654665.0625772,2026-04-08 14:24:25.062577,0.217,4.56e-08,2.35e-08,3.87e-08,1.25e-08,6.84e-09
1775654665.667941,2026-04-08 14:24:25.667941,0.217,4.56e-08,2.35e-08,3.87e-08,1.25e-08,6.88e-09
1775654666.2673762,2026-04-08 14:24:26.267376,0.217,4.56e-08,2.35e-08,3.93e-08,1.25e-08,6.85e-09
1775654666.864632,2026-04-08 14:24:26.864632,0.217,4.56e-08,2.35e-08,3.85e-08,1.26e-08,6.85e-09
1775654667.477968,2026-04-08 14:24:27.477968,0.217,4.56e-08,2.35e-08,3.94e-08,1.26e-08,6.85e-09
1775654668.090664,2026-04-08 14:24:28.090664,0.217,4.56e-08,2.35e-08,3.97e-08,1.24e-08,6.84e-09
1775654668.6896977,2026-04-08 14:24:28.689698,0.217,4.56e-08,2.35e-08,3.89e-08,1.26e-08,6.82e-09
1775654669.2874753,2026-04-08 14:24:29.287475,0.217,4.56e-08,2.35e-08,4e-08,1.26e-08,6.82e-09
1775654669.899878,2026-04-08 14:24:29.899878,0.217,4.56e-08,2.35e-08,3.94e-08,1.25e-08,6.78e-09
1775654670.512334,2026-04-08 14:24:30.512334,0.217,4.56e-08,2.35e-08,3.94e-08,1.25e-08,6.87e-09
1775654671.1076283,2026-04-08 14:24:31.107628,0.217,4.56e-08,2.35e-08,3.92e-08,1.25e-08,6.85e-09
1775654671.7092245,2026-04-08 14:24:31.709224,0.217,4.56e-08,2.35e-08,3.92e-08,1.25e-08,6.91e-09
1775654672.3312225,2026-04-08 14:24:32.331223,0.217,4.56e-08,2.35e-08,4.02e-08,1.25e-08,6.82e-09
1775654672.9354525,2026-04-08 14:24:32.935452,0.217,4.56e-08,2.35e-08,3.9e-08,1.25e-08,6.85e-09
1775654673.5318363,2026-04-08 14:24:33.531836,0.217,4.56e-08,2.35e-08,3.91e-08,1.25e-08,6.85e-09
1775654674.1804466,2026-04-08 14:24:34.180447,0.217,4.56e-08,2.35e-08,3.91e-08,1.25e-08,6.86e-09
1775654674.8137128,2026-04-08 14:24:34.813713,0.217,4.56e-08,2.35e-08,3.95e-08,1.25e-08,6.8e-09
1775654675.4887497,2026-04-08 14:24:35.488750,0.217,4.56e-08,2.35e-08,3.9e-08,1.25e-08,6.81e-09
1775654676.08391,2026-04-08 14:24:36.083910,0.217,4.56e-08,2.35e-08,3.91e-08,1.25e-08,6.81e-09
1775654676.6974213,2026-04-08 14:24:36.697421,0.217,4.57e-08,2.35e-08,3.91e-08,1.25e-08,6.81e-09
1775654677.3101084,2026-04-08 14:24:37.310108,0.217,4.57e-08,2.35e-08,3.92e-08,1.25e-08,6.84e-09
1775654677.909978,2026-04-08 14:24:37.909978,0.217,4.56e-08,2.35e-08,3.89e-08,1.25e-08,6.86e-09
1775654678.5165727,2026-04-08 14:24:38.516573,0.217,4.56e-08,2.35e-08,3.96e-08,1.25e-08,6.86e-09
1775654679.133102,2026-04-08 14:24:39.133102,0.217,4.56e-08,2.35e-08,3.96e-08,1.25e-08,6.87e-09
1775654679.7523263,2026-04-08 14:24:39.752326,0.217,4.56e-08,2.35e-08,3.96e-08,1.25e-08,6.87e-09
1775654680.3504949,2026-04-08 14:24:40.350495,0.217,4.56e-08,2.35e-08,3.99e-08,1.25e-08,6.92e-09
1775654680.9504783,2026-04-08 14:24:40.950478,0.217,4.56e-08,2.35e-08,3.92e-08,1.25e-08,6.92e-09
1775654681.5643346,2026-04-08 14:24:41.564335,0.217,4.56e-08,2.35e-08,3.96e-08,1.25e-08,6.84e-09
1775654682.178742,2026-04-08 14:24:42.178742,0.217,4.56e-08,2.35e-08,3.96e-08,1.26e-08,6.8e-09
1775654682.7803328,2026-04-08 14:24:42.780333,0.217,4.56e-08,2.35e-08,3.91e-08,1.25e-08,6.8e-09
1775654683.379546,2026-04-08 14:24:43.379546,0.217,4.56e-08,2.35e-08,3.93e-08,1.25e-08,6.8e-09
1775654683.9814029,2026-04-08 14:24:43.981403,0.217,4.56e-08,2.35e-08,4e-08,1.25e-08,6.85e-09
1775654684.581878,2026-04-08 14:24:44.581878,0.217,4.57e-08,2.35e-08,3.92e-08,1.25e-08,6.83e-09
1775654685.1790395,2026-04-08 14:24:45.179039,0.217,4.56e-08,2.35e-08,4.01e-08,1.29e-08,6.83e-09
1775654685.791403,2026-04-08 14:24:45.791403,0.217,4.56e-08,2.35e-08,3.89e-08,1.25e-08,6.87e-09
1775654686.4040618,2026-04-08 14:24:46.404062,0.217,4.56e-08,2.35e-08,3.96e-08,1.25e-08,6.85e-09
1775654687.0023606,2026-04-08 14:24:47.002361,0.217,4.56e-08,2.35e-08,3.96e-08,1.25e-08,6.85e-09
1775654687.6050553,2026-04-08 14:24:47.605055,0.217,4.56e-08,2.35e-08,3.96e-08,1.25e-08,6.85e-09
1775654688.2140162,2026-04-08 14:24:48.214016,0.217,4.56e-08,2.35e-08,3.96e-08,1.25e-08,6.87e-09
1775654688.8244877,2026-04-08 14:24:48.824488,0.217,4.57e-08,2.35e-08,3.96e-08,1.25e-08,6.84e-09
1775654689.4325278,2026-04-08 14:24:49.432528,0.217,4.57e-08,2.35e-08,4e-08,1.25e-08,6.84e-09
1775654690.0225952,2026-04-08 14:24:50.022595,0.217,4.57e-08,2.35e-08,4e-08,1.25e-08,6.82e-09
1775654690.6404693,2026-04-08 14:24:50.640469,0.217,4.57e-08,2.35e-08,3.93e-08,1.26e-08,6.85e-09
1775654691.2553139,2026-04-08 14:24:51.255314,0.217,4.56e-08,2.35e-08,3.93e-08,1.25e-08,6.85e-09
1775654691.8529987,2026-04-08 14:24:51.852999,0.217,4.56e-08,2.35e-08,4e-08,1.25e-08,6.84e-09
1775654692.458451,2026-04-08 14:24:52.458451,0.217,4.56e-08,2.35e-08,3.96e-08,1.25e-08,6.85e-09
1775654693.0601075,2026-04-08 14:24:53.060107,0.217,4.56e-08,2.35e-08,4e-08,1.25e-08,6.85e-09
1775654693.699333,2026-04-08 14:24:53.699333,0.217,4.56e-08,2.35e-08,3.92e-08,1.25e-08,6.85e-09
1775654694.289809,2026-04-08 14:24:54.289809,0.217,4.56e-08,2.35e-08,3.96e-08,1.25e-08,6.85e-09
1775654694.9031217,2026-04-08 14:24:54.903122,0.217,4.56e-08,2.35e-08,3.96e-08,1.25e-08,6.86e-09
1775654695.5164583,2026-04-08 14:24:55.516458,0.217,4.56e-08,2.35e-08,3.99e-08,1.25e-08,6.85e-09
1775654696.1149325,2026-04-08 14:24:56.114933,0.217,4.56e-08,2.35e-08,3.93e-08,1.26e-08,6.89e-09
1775654696.7133412,2026-04-08 14:24:56.713341,0.217,4.56e-08,2.35e-08,3.94e-08,1.25e-08,6.85e-09
1775654697.3323488,2026-04-08 14:24:57.332349,0.217,4.57e-08,2.35e-08,3.93e-08,1.29e-08,6.88e-09
1775654697.9477146,2026-04-08 14:24:57.947715,0.217,4.57e-08,2.35e-08,3.94e-08,1.25e-08,6.83e-09
1775654698.5464199,2026-04-08 14:24:58.546420,0.217,4.56e-08,2.35e-08,3.94e-08,1.27e-08,6.85e-09
1775654699.1516845,2026-04-08 14:24:59.151685,0.217,4.56e-08,2.35e-08,3.9e-08,1.25e-08,6.87e-09
1775654699.7653844,2026-04-08 14:24:59.765384,0.217,4.57e-08,2.35e-08,3.91e-08,1.25e-08,6.85e-09
1775654700.3799958,2026-04-08 14:25:00.379996,0.217,4.56e-08,2.35e-08,3.98e-08,1.25e-08,6.85e-09
1775654700.9772432,2026-04-08 14:25:00.977243,0.217,4.56e-08,2.35e-08,3.92e-08,1.25e-08,6.85e-09
1775654701.581402,2026-04-08 14:25:01.581402,0.217,4.57e-08,2.35e-08,3.92e-08,1.25e-08,6.84e-09
1775654702.1832771,2026-04-08 14:25:02.183277,0.217,4.56e-08,2.35e-08,3.92e-08,1.25e-08,6.84e-09
1775654702.7856538,2026-04-08 14:25:02.785654,0.217,4.56e-08,2.35e-08,3.91e-08,1.25e-08,6.85e-09
1775654703.381355,2026-04-08 14:25:03.381355,0.217,4.56e-08,2.35e-08,3.94e-08,1.25e-08,6.83e-09
1775654703.9939144,2026-04-08 14:25:03.993914,0.217,4.56e-08,2.35e-08,3.94e-08,1.25e-08,6.8e-09
1775654704.6041737,2026-04-08 14:25:04.604174,0.217,4.57e-08,2.35e-08,3.9e-08,1.25e-08,6.83e-09
1775654705.202619,2026-04-08 14:25:05.202619,0.217,4.56e-08,2.35e-08,3.94e-08,1.25e-08,6.83e-09
1775654705.8004622,2026-04-08 14:25:05.800462,0.217,4.57e-08,2.35e-08,3.94e-08,1.25e-08,6.83e-09
1775654706.41498,2026-04-08 14:25:06.414980,0.217,4.57e-08,2.35e-08,3.94e-08,1.25e-08,6.82e-09
1775654707.0261312,2026-04-08 14:25:07.026131,0.217,4.56e-08,2.35e-08,3.94e-08,1.25e-08,6.84e-09
1775654707.6225948,2026-04-08 14:25:07.622595,0.217,4.56e-08,2.35e-08,3.96e-08,1.25e-08,6.8e-09
1775654708.2317176,2026-04-08 14:25:08.231718,0.217,4.57e-08,2.35e-08,3.94e-08,1.25e-08,6.82e-09
1775654708.8573847,2026-04-08 14:25:08.857385,0.217,4.57e-08,2.35e-08,3.97e-08,1.25e-08,6.83e-09
1775654709.4740148,2026-04-08 14:25:09.474015,0.217,4.57e-08,2.35e-08,3.97e-08,1.25e-08,6.83e-09
1775654710.0736957,2026-04-08 14:25:10.073696,0.217,4.57e-08,2.35e-08,3.97e-08,1.25e-08,6.81e-09
1775654710.6759179,2026-04-08 14:25:10.675918,0.217,4.56e-08,2.35e-08,3.99e-08,1.25e-08,6.84e-09
1775654711.278097,2026-04-08 14:25:11.278097,0.217,4.57e-08,2.35e-08,3.96e-08,1.25e-08,6.87e-09
1775654711.8791268,2026-04-08 14:25:11.879127,0.217,4.56e-08,2.35e-08,3.98e-08,1.25e-08,6.87e-09
1775654712.4767146,2026-04-08 14:25:12.476715,0.217,4.56e-08,2.35e-08,3.94e-08,1.25e-08,6.85e-09
1775654713.0893779,2026-04-08 14:25:13.089378,0.217,4.57e-08,2.35e-08,3.94e-08,1.25e-08,6.85e-09
1775654713.701821,2026-04-08 14:25:13.701821,0.217,4.57e-08,2.35e-08,3.96e-08,1.26e-08,6.86e-09
1775654714.2995157,2026-04-08 14:25:14.299516,0.217,4.56e-08,2.35e-08,3.93e-08,1.28e-08,6.86e-09
1775654714.8982608,2026-04-08 14:25:14.898261,0.217,4.56e-08,2.35e-08,3.97e-08,1.25e-08,6.86e-09
1775654715.5124316,2026-04-08 14:25:15.512432,0.217,4.56e-08,2.35e-08,3.99e-08,1.25e-08,6.8e-09
1775654716.1256912,2026-04-08 14:25:16.125691,0.217,4.56e-08,2.35e-08,3.93e-08,1.25e-08,6.89e-09
1775654716.7235322,2026-04-08 14:25:16.723532,0.217,4.57e-08,2.35e-08,3.95e-08,1.26e-08,6.88e-09
1775654717.3241894,2026-04-08 14:25:17.324189,0.217,4.56e-08,2.35e-08,3.89e-08,1.26e-08,6.88e-09
1775654717.9380422,2026-04-08 14:25:17.938042,0.217,4.57e-08,2.35e-08,3.97e-08,1.3e-08,6.88e-09
1775654718.554456,2026-04-08 14:25:18.554456,0.217,4.57e-08,2.35e-08,3.97e-08,1.26e-08,6.84e-09
1775654719.1585894,2026-04-08 14:25:19.158589,0.217,4.57e-08,2.35e-08,3.95e-08,1.25e-08,6.86e-09
1775654719.7722569,2026-04-08 14:25:19.772257,0.217,4.56e-08,2.35e-08,3.9e-08,1.25e-08,6.85e-09
1775654720.3824933,2026-04-08 14:25:20.382493,0.217,4.56e-08,2.35e-08,3.92e-08,1.25e-08,6.84e-09
1775654721.7084715,2026-04-08 14:25:21.708472,0.217,4.56e-08,2.35e-08,3.92e-08,1.25e-08,6.84e-09
1775654721.7302718,2026-04-08 14:25:21.730272,0.217,4.56e-08,2.35e-08,3.92e-08,1.25e-08,6.85e-09
1775654722.1755674,2026-04-08 14:25:22.175567,0.217,4.57e-08,2.35e-08,3.9e-08,1.25e-08,6.89e-09
1775654722.7808652,2026-04-08 14:25:22.780865,0.217,4.56e-08,2.35e-08,3.93e-08,1.25e-08,6.8e-09
1775654723.3831584,2026-04-08 14:25:23.383158,0.217,4.56e-08,2.35e-08,3.98e-08,1.25e-08,6.8e-09
1775654723.9862633,2026-04-08 14:25:23.986263,0.217,4.57e-08,2.35e-08,3.98e-08,1.25e-08,6.79e-09
1775654724.595105,2026-04-08 14:25:24.595105,0.217,4.57e-08,2.35e-08,3.94e-08,1.25e-08,6.79e-09
1775654725.2048702,2026-04-08 14:25:25.204870,0.217,4.57e-08,2.35e-08,4.04e-08,1.25e-08,6.82e-09
1775654725.8146112,2026-04-08 14:25:25.814611,0.217,4.57e-08,2.35e-08,3.95e-08,1.25e-08,6.81e-09
1775654726.4016948,2026-04-08 14:25:26.401695,0.217,4.57e-08,2.35e-08,3.87e-08,1.25e-08,6.89e-09
1775654727.0155628,2026-04-08 14:25:27.015563,0.217,4.57e-08,2.35e-08,3.96e-08,1.25e-08,6.82e-09
1775654727.6408777,2026-04-08 14:25:27.640878,0.217,4.57e-08,2.35e-08,3.96e-08,1.25e-08,6.87e-09
1775654728.227123,2026-04-08 14:25:28.227123,0.217,4.56e-08,2.35e-08,3.96e-08,1.26e-08,6.82e-09
1775654728.8281324,2026-04-08 14:25:28.828132,0.217,4.57e-08,2.35e-08,3.95e-08,1.25e-08,6.87e-09
1775654729.4291017,2026-04-08 14:25:29.429102,0.217,4.57e-08,2.35e-08,3.95e-08,1.25e-08,6.91e-09
1775654730.038605,2026-04-08 14:25:30.038605,0.217,4.57e-08,2.35e-08,3.92e-08,1.25e-08,6.82e-09
1775654730.6340706,2026-04-08 14:25:30.634071,0.217,4.56e-08,2.35e-08,3.9e-08,1.25e-08,6.86e-09
1775654731.2610173,2026-04-08 14:25:31.261017,0.217,4.57e-08,2.35e-08,3.95e-08,1.26e-08,6.86e-09
1775654731.8676221,2026-04-08 14:25:31.867622,0.217,4.57e-08,2.35e-08,3.95e-08,1.26e-08,6.86e-09
1775654732.4494715,2026-04-08 14:25:32.449471,0.217,4.57e-08,2.35e-08,3.91e-08,1.25e-08,6.85e-09
1775654733.0479019,2026-04-08 14:25:33.047902,0.217,4.56e-08,2.35e-08,3.91e-08,1.25e-08,6.85e-09
1775654733.6582453,2026-04-08 14:25:33.658245,0.217,4.57e-08,2.35e-08,3.9e-08,1.25e-08,6.85e-09
1775654734.2709117,2026-04-08 14:25:34.270912,0.217,4.56e-08,2.35e-08,3.96e-08,1.25e-08,6.85e-09
1775654734.8692114,2026-04-08 14:25:34.869211,0.217,4.57e-08,2.35e-08,3.93e-08,1.25e-08,6.85e-09
1775654735.4998016,2026-04-08 14:25:35.499802,0.217,4.56e-08,2.35e-08,3.99e-08,1.25e-08,6.85e-09
1775654736.083989,2026-04-08 14:25:36.083989,0.217,4.57e-08,2.35e-08,3.94e-08,1.25e-08,6.85e-09
1775654736.713831,2026-04-08 14:25:36.713831,0.217,4.57e-08,2.35e-08,3.94e-08,1.26e-08,6.87e-09
1775654737.3437731,2026-04-08 14:25:37.343773,0.217,4.57e-08,2.35e-08,3.98e-08,1.25e-08,6.87e-09
1775654737.9145916,2026-04-08 14:25:37.914592,0.217,4.56e-08,2.35e-08,3.95e-08,1.25e-08,6.9e-09
1775654738.5258298,2026-04-08 14:25:38.525830,0.217,4.57e-08,2.35e-08,3.96e-08,1.25e-08,6.87e-09
1775654739.138783,2026-04-08 14:25:39.138783,0.217,4.57e-08,2.35e-08,3.95e-08,1.25e-08,6.85e-09
1775654739.7132285,2026-04-08 14:25:39.713228,0.217,4.57e-08,2.35e-08,3.97e-08,1.25e-08,6.86e-09
1775654740.3256671,2026-04-08 14:25:40.325667,0.217,4.56e-08,2.35e-08,3.95e-08,1.25e-08,6.84e-09
1775654740.9399893,2026-04-08 14:25:40.939989,0.217,4.57e-08,2.35e-08,3.91e-08,1.25e-08,6.9e-09
1775654741.5377007,2026-04-08 14:25:41.537701,0.217,4.57e-08,2.35e-08,3.97e-08,1.25e-08,6.87e-09
1775654742.135182,2026-04-08 14:25:42.135182,0.217,4.57e-08,2.35e-08,3.96e-08,1.25e-08,6.86e-09
